pair,layer,n_rows,n_layers,n_heads,mean_pairwise_cosine_mean,mean_pairwise_cosine_std,mean_pairwise_cosine_median,maxmatch_cosine_mean,maxmatch_cosine_std,maxmatch_cosine_median,mmd_rbf_mean,mmd_rbf_std,mmd_rbf_median,l2_mean_mean,l2_mean_std,l2_mean_median
gpqa_orgn_vs_gpqa_ver1,0,40,1,40,0.383934,0.284232,0.33641,0.741734,0.128997,0.73522,0.052579,0.044456,0.042456,0.256493,0.121353,0.231246
gpqa_orgn_vs_gpqa_ver1,1,40,1,40,0.321574,0.293785,0.213734,0.747432,0.132272,0.727473,0.041847,0.05006,0.02275,0.261568,0.117113,0.232388
gpqa_orgn_vs_gpqa_ver1,2,40,1,40,0.158929,0.104897,0.133754,0.629053,0.080584,0.611206,0.026203,0.025079,0.016628,0.332077,0.135342,0.306776
gpqa_orgn_vs_gpqa_ver1,3,40,1,40,0.164695,0.074272,0.15346,0.625882,0.08985,0.636182,0.033409,0.05428,0.017603,0.404772,0.108645,0.411338
gpqa_orgn_vs_gpqa_ver1,4,40,1,40,0.191678,0.122498,0.153053,0.655909,0.099777,0.619349,0.024217,0.02117,0.014186,0.479214,0.154261,0.476194
gpqa_orgn_vs_gpqa_ver1,5,40,1,40,0.340054,0.243775,0.260738,0.762963,0.127247,0.776597,0.029571,0.03586,0.016132,0.489952,0.242283,0.537075
gpqa_orgn_vs_gpqa_ver1,6,40,1,40,0.22891,0.135707,0.199784,0.697213,0.10415,0.717614,0.023458,0.022247,0.014433,0.701954,0.240764,0.778185
gpqa_orgn_vs_gpqa_ver1,7,40,1,40,0.26109,0.179101,0.202533,0.740495,0.097404,0.73698,0.015027,0.021373,0.009374,0.851365,0.47217,0.841358
gpqa_orgn_vs_gpqa_ver1,8,40,1,40,0.318567,0.212968,0.256207,0.781294,0.101686,0.802414,0.0138,0.012355,0.01034,0.8606,0.555395,0.743606
gpqa_orgn_vs_gpqa_ver1,9,40,1,40,0.272753,0.201153,0.207627,0.738642,0.109678,0.728728,0.007628,0.003618,0.007128,0.8832,0.4056,0.853512
gpqa_orgn_vs_gpqa_ver1,10,40,1,40,0.20274,0.170389,0.132345,0.685968,0.106488,0.68281,0.007416,0.002708,0.006782,1.1525,0.558104,1.119683
gpqa_orgn_vs_gpqa_ver1,11,40,1,40,0.191263,0.139867,0.146688,0.692861,0.103513,0.702928,0.007022,0.003974,0.006024,1.361792,0.550961,1.393278
gpqa_orgn_vs_gpqa_ver1,12,40,1,40,0.253718,0.173044,0.218766,0.769173,0.086031,0.765266,0.005688,0.001858,0.005456,1.485558,0.612303,1.457748
gpqa_orgn_vs_gpqa_ver1,13,40,1,40,0.216868,0.164469,0.167668,0.734486,0.120047,0.744841,0.007725,0.005219,0.005856,1.875272,0.833815,1.818109
gpqa_orgn_vs_gpqa_ver1,14,40,1,40,0.291183,0.250141,0.212157,0.758459,0.124268,0.757408,0.010313,0.009926,0.006726,1.757602,0.944302,1.715584
gpqa_orgn_vs_gpqa_ver1,15,40,1,40,0.194634,0.139967,0.156548,0.735107,0.077082,0.746174,0.007219,0.003625,0.006334,2.150687,0.814993,2.100452
gpqa_orgn_vs_gpqa_ver1,16,40,1,40,0.225575,0.139616,0.203161,0.742421,0.093103,0.756686,0.005162,0.001658,0.00495,2.499143,0.993032,2.409973
gpqa_orgn_vs_gpqa_ver1,17,40,1,40,0.260687,0.159731,0.228919,0.756725,0.086141,0.764446,0.008632,0.0082,0.005804,2.679503,0.85508,2.728106
gpqa_orgn_vs_gpqa_ver1,18,40,1,40,0.276078,0.164637,0.238968,0.74075,0.093592,0.749828,0.009814,0.010713,0.005889,2.683934,1.30103,2.568051
gpqa_orgn_vs_gpqa_ver1,19,40,1,40,0.207713,0.10536,0.194053,0.69667,0.079866,0.684094,0.005813,0.001379,0.005617,3.06816,0.908955,3.036857
gpqa_orgn_vs_gpqa_ver1,20,40,1,40,0.229007,0.144848,0.184804,0.711601,0.090089,0.719604,0.006386,0.00305,0.0053,3.102143,1.322567,2.963408
gpqa_orgn_vs_gpqa_ver1,21,40,1,40,0.213578,0.156539,0.191932,0.73197,0.07416,0.730115,0.006547,0.004316,0.005392,3.95642,1.297544,3.77475
gpqa_orgn_vs_gpqa_ver1,22,40,1,40,0.250281,0.166735,0.226017,0.728641,0.095721,0.743032,0.008174,0.010463,0.005593,3.923351,1.26569,3.914584
gpqa_orgn_vs_gpqa_ver1,23,40,1,40,0.265359,0.164583,0.217409,0.729183,0.085544,0.726562,0.00995,0.010626,0.006485,2.942107,1.259086,2.951618
gpqa_orgn_vs_gpqa_ver1,24,40,1,40,0.229686,0.151511,0.183574,0.736187,0.090303,0.717936,0.006831,0.004497,0.005417,4.276017,2.087173,4.22793
gpqa_orgn_vs_gpqa_ver1,25,40,1,40,0.262668,0.105089,0.253816,0.731494,0.071192,0.736843,0.014924,0.028834,0.00572,3.816338,1.418306,3.537823
gpqa_orgn_vs_gpqa_ver1,26,40,1,40,0.261805,0.161154,0.207645,0.756624,0.072713,0.771853,0.019068,0.034961,0.005868,3.838063,1.565822,3.944932
gpqa_orgn_vs_gpqa_ver1,27,40,1,40,0.194526,0.068587,0.196878,0.700728,0.076942,0.714313,0.007615,0.003681,0.006474,5.837475,2.730219,5.14633
gpqa_orgn_vs_gpqa_ver1,28,40,1,40,0.18686,0.148309,0.144554,0.727702,0.071679,0.716681,0.006757,0.005168,0.005513,5.274457,1.953019,5.201577
gpqa_orgn_vs_gpqa_ver1,29,40,1,40,0.269728,0.187945,0.208148,0.742318,0.076719,0.733148,0.015858,0.023316,0.007895,4.481684,1.725258,4.169693
gpqa_orgn_vs_gpqa_ver1,30,40,1,40,0.261613,0.201723,0.195864,0.729386,0.115257,0.725999,0.008369,0.006054,0.006118,6.027043,3.311562,4.793586
gpqa_orgn_vs_gpqa_ver1,31,40,1,40,0.289349,0.152804,0.268085,0.769233,0.08899,0.76021,0.011148,0.009976,0.007994,6.496304,3.031868,6.482761
gpqa_orgn_vs_gpqa_ver1,32,40,1,40,0.319436,0.189978,0.303638,0.751912,0.107626,0.73904,0.016136,0.01601,0.009214,5.632277,3.974265,4.386547
gpqa_orgn_vs_gpqa_ver1,33,40,1,40,0.26886,0.167713,0.237074,0.732328,0.076034,0.723052,0.012054,0.007094,0.008891,6.296083,2.711678,6.036624
gpqa_orgn_vs_gpqa_ver1,34,40,1,40,0.272348,0.219852,0.219826,0.712827,0.119952,0.698368,0.018354,0.01717,0.011137,7.89213,4.943974,7.042067
gpqa_orgn_vs_gpqa_ver1,35,40,1,40,0.269878,0.16768,0.240664,0.694862,0.076673,0.685616,0.02019,0.023952,0.008567,6.898572,2.33862,6.363036
gpqa_orgn_vs_gpqa_ver1,36,40,1,40,0.254983,0.159367,0.20535,0.713073,0.103438,0.735665,0.02884,0.052911,0.010912,11.346654,7.962475,8.851262
gpqa_orgn_vs_gpqa_ver1,37,40,1,40,0.287884,0.164458,0.227318,0.701225,0.084417,0.666684,0.031501,0.036963,0.0127,13.262673,6.078287,12.070815
gpqa_orgn_vs_gpqa_ver1,38,40,1,40,0.322621,0.21087,0.313934,0.707284,0.125208,0.731042,0.031576,0.038291,0.012113,19.722949,11.480258,18.730647
gpqa_orgn_vs_gpqa_ver1,39,40,1,40,0.338121,0.242467,0.283139,0.699064,0.136461,0.710758,0.043542,0.061958,0.02368,19.943614,13.639569,17.623502
gsm8k_orgn_vs_gpqa_orgn,0,40,1,40,0.39972,0.289111,0.295425,0.749855,0.135021,0.709598,0.039893,0.029147,0.032264,0.242139,0.127825,0.220124
gsm8k_orgn_vs_gpqa_orgn,1,40,1,40,0.337452,0.295375,0.238896,0.73244,0.148666,0.707904,0.059829,0.04214,0.047865,0.262308,0.11238,0.261587
gsm8k_orgn_vs_gpqa_orgn,2,40,1,40,0.164343,0.112229,0.13378,0.60197,0.077879,0.605289,0.054437,0.054255,0.035574,0.363253,0.145443,0.362867
gsm8k_orgn_vs_gpqa_orgn,3,40,1,40,0.174106,0.088559,0.166069,0.577398,0.093147,0.570176,0.052331,0.034651,0.048645,0.414199,0.115105,0.39912
gsm8k_orgn_vs_gpqa_orgn,4,40,1,40,0.199802,0.157438,0.124555,0.575988,0.142248,0.548251,0.058324,0.042116,0.043309,0.487775,0.16593,0.499288
gsm8k_orgn_vs_gpqa_orgn,5,40,1,40,0.351579,0.259219,0.219702,0.709595,0.173058,0.692628,0.059256,0.04679,0.046919,0.490144,0.264999,0.48833
gsm8k_orgn_vs_gpqa_orgn,6,40,1,40,0.199608,0.147792,0.154171,0.574797,0.141631,0.554372,0.071327,0.040182,0.058704,0.714909,0.235613,0.757389
gsm8k_orgn_vs_gpqa_orgn,7,40,1,40,0.248295,0.180341,0.186566,0.601582,0.154816,0.592448,0.053652,0.052087,0.03253,0.839644,0.481498,0.795048
gsm8k_orgn_vs_gpqa_orgn,8,40,1,40,0.30616,0.234419,0.220092,0.659989,0.155838,0.620122,0.063003,0.056487,0.040988,0.847658,0.521126,0.778965
gsm8k_orgn_vs_gpqa_orgn,9,40,1,40,0.298698,0.244615,0.219475,0.681725,0.14845,0.677032,0.03031,0.022221,0.024061,0.852611,0.460983,0.853334
gsm8k_orgn_vs_gpqa_orgn,10,40,1,40,0.204638,0.198487,0.12826,0.589352,0.153899,0.56102,0.027577,0.015648,0.022162,1.160821,0.585806,1.195496
gsm8k_orgn_vs_gpqa_orgn,11,40,1,40,0.177373,0.166521,0.116518,0.551186,0.146761,0.53105,0.037196,0.026514,0.028181,1.41247,0.607945,1.406048
gsm8k_orgn_vs_gpqa_orgn,12,40,1,40,0.260822,0.203901,0.20573,0.64164,0.147483,0.6216,0.051121,0.037203,0.040577,1.424243,0.656043,1.399754
gsm8k_orgn_vs_gpqa_orgn,13,40,1,40,0.189902,0.179307,0.13774,0.55384,0.160498,0.552578,0.053802,0.04948,0.039172,1.872894,0.845823,1.761436
gsm8k_orgn_vs_gpqa_orgn,14,40,1,40,0.277223,0.264835,0.18008,0.622759,0.187679,0.62019,0.06205,0.047371,0.045606,1.75966,0.983571,1.696907
gsm8k_orgn_vs_gpqa_orgn,15,40,1,40,0.191642,0.167681,0.130149,0.581882,0.128338,0.561029,0.051926,0.028728,0.047768,2.100063,0.786902,2.073341
gsm8k_orgn_vs_gpqa_orgn,16,40,1,40,0.227859,0.151725,0.18451,0.605258,0.112806,0.579969,0.052792,0.032127,0.043664,2.408347,0.991192,2.339939
gsm8k_orgn_vs_gpqa_orgn,17,40,1,40,0.250022,0.165581,0.210132,0.620913,0.127054,0.6065,0.081515,0.075877,0.056899,2.563072,0.89459,2.569348
gsm8k_orgn_vs_gpqa_orgn,18,40,1,40,0.295585,0.179174,0.261712,0.651912,0.129475,0.655677,0.058323,0.037028,0.048074,2.52624,1.334587,2.53567
gsm8k_orgn_vs_gpqa_orgn,19,40,1,40,0.208587,0.118071,0.197448,0.591008,0.105271,0.590788,0.047469,0.031824,0.036812,2.927345,0.875053,2.84062
gsm8k_orgn_vs_gpqa_orgn,20,40,1,40,0.225908,0.161763,0.168594,0.588844,0.126087,0.571606,0.047263,0.026123,0.038888,2.945628,1.31782,3.037071
gsm8k_orgn_vs_gpqa_orgn,21,40,1,40,0.210366,0.168103,0.171708,0.587175,0.13431,0.564141,0.072619,0.045812,0.062126,3.696261,1.266008,3.556205
gsm8k_orgn_vs_gpqa_orgn,22,40,1,40,0.24562,0.181492,0.23144,0.596138,0.140296,0.621114,0.063492,0.037235,0.063951,3.727904,1.157097,3.803846
gsm8k_orgn_vs_gpqa_orgn,23,40,1,40,0.274125,0.177016,0.229042,0.622654,0.134359,0.61556,0.059074,0.023893,0.055899,2.72656,1.26024,2.733861
gsm8k_orgn_vs_gpqa_orgn,24,40,1,40,0.208105,0.153827,0.168101,0.562406,0.122857,0.56456,0.072763,0.05562,0.05082,3.962166,1.965236,3.885908
gsm8k_orgn_vs_gpqa_orgn,25,40,1,40,0.249257,0.110269,0.234674,0.592438,0.104858,0.585908,0.062909,0.052353,0.04387,3.719329,1.371813,3.402223
gsm8k_orgn_vs_gpqa_orgn,26,40,1,40,0.239977,0.189576,0.189696,0.602153,0.123911,0.583912,0.064641,0.039443,0.054479,3.78124,1.49324,3.878527
gsm8k_orgn_vs_gpqa_orgn,27,40,1,40,0.169837,0.074551,0.167104,0.550858,0.088462,0.554488,0.05071,0.023755,0.04496,5.601922,2.369151,4.971226
gsm8k_orgn_vs_gpqa_orgn,28,40,1,40,0.176634,0.173397,0.143174,0.562932,0.129423,0.554967,0.045581,0.021782,0.041262,4.778928,1.797946,4.724499
gsm8k_orgn_vs_gpqa_orgn,29,40,1,40,0.242742,0.186933,0.189876,0.619689,0.11411,0.596446,0.050351,0.058786,0.02718,4.537743,1.61486,4.504265
gsm8k_orgn_vs_gpqa_orgn,30,40,1,40,0.226687,0.207528,0.147604,0.579515,0.144583,0.568514,0.044032,0.036677,0.031191,5.75119,2.728795,4.845031
gsm8k_orgn_vs_gpqa_orgn,31,40,1,40,0.236329,0.172052,0.224894,0.592175,0.130797,0.607606,0.056406,0.04906,0.045339,6.494523,2.364939,6.713428
gsm8k_orgn_vs_gpqa_orgn,32,40,1,40,0.26457,0.20172,0.218772,0.614205,0.150172,0.587946,0.063206,0.058015,0.041692,5.849882,3.249011,4.924955
gsm8k_orgn_vs_gpqa_orgn,33,40,1,40,0.23834,0.155507,0.204532,0.587091,0.107098,0.580678,0.041839,0.018673,0.036142,6.321786,2.422211,6.007584
gsm8k_orgn_vs_gpqa_orgn,34,40,1,40,0.293649,0.222352,0.2343,0.637445,0.157829,0.596602,0.036502,0.021385,0.030172,6.74664,3.787168,5.775712
gsm8k_orgn_vs_gpqa_orgn,35,40,1,40,0.269704,0.153576,0.246103,0.607214,0.099092,0.584783,0.027462,0.019894,0.020686,7.010836,2.46325,6.150429
gsm8k_orgn_vs_gpqa_orgn,36,40,1,40,0.244801,0.16674,0.198379,0.593935,0.144608,0.566742,0.048785,0.030377,0.042693,11.155175,7.205518,9.845586
gsm8k_orgn_vs_gpqa_orgn,37,40,1,40,0.289963,0.17187,0.241731,0.614367,0.126645,0.591072,0.051487,0.050835,0.033856,13.389215,5.808627,10.93902
gsm8k_orgn_vs_gpqa_orgn,38,40,1,40,0.343838,0.233949,0.319608,0.62923,0.187281,0.676936,0.051743,0.03416,0.045537,18.101116,10.3146,17.273114
gsm8k_orgn_vs_gpqa_orgn,39,40,1,40,0.30852,0.242077,0.267702,0.585025,0.175724,0.59475,0.082611,0.062303,0.056375,18.950365,11.983098,16.766142
gsm8k_orgn_vs_gpqa_ver1,0,40,1,40,0.339021,0.295854,0.26942,0.665888,0.173021,0.644936,0.084725,0.067951,0.063884,0.267206,0.123041,0.245219
gsm8k_orgn_vs_gpqa_ver1,1,40,1,40,0.318641,0.29009,0.219491,0.674578,0.178796,0.665676,0.088075,0.066055,0.071892,0.27181,0.121229,0.255806
gsm8k_orgn_vs_gpqa_ver1,2,40,1,40,0.143215,0.103561,0.125605,0.536611,0.087748,0.526538,0.072053,0.0669,0.057441,0.363428,0.144368,0.338881
gsm8k_orgn_vs_gpqa_ver1,3,40,1,40,0.147905,0.087569,0.140379,0.523548,0.111086,0.520946,0.081232,0.064908,0.065337,0.426774,0.124608,0.428554
gsm8k_orgn_vs_gpqa_ver1,4,40,1,40,0.175783,0.138869,0.126486,0.530063,0.139269,0.494464,0.081077,0.05764,0.059018,0.497771,0.167833,0.506226
gsm8k_orgn_vs_gpqa_ver1,5,40,1,40,0.33984,0.260745,0.225303,0.686765,0.181275,0.66708,0.087963,0.069987,0.059451,0.497598,0.266593,0.507662
gsm8k_orgn_vs_gpqa_ver1,6,40,1,40,0.194893,0.136346,0.168784,0.553553,0.140833,0.554026,0.087341,0.052253,0.073411,0.718332,0.244263,0.766624
gsm8k_orgn_vs_gpqa_ver1,7,40,1,40,0.233482,0.178131,0.172492,0.583002,0.15173,0.5688,0.060864,0.054561,0.04506,0.85423,0.483958,0.803041
gsm8k_orgn_vs_gpqa_ver1,8,40,1,40,0.289041,0.23211,0.207193,0.642133,0.161188,0.60501,0.069058,0.059631,0.048386,0.874199,0.528401,0.796432
gsm8k_orgn_vs_gpqa_ver1,9,40,1,40,0.281899,0.238039,0.21003,0.663553,0.152706,0.655418,0.039468,0.026399,0.034578,0.884384,0.453807,0.877066
gsm8k_orgn_vs_gpqa_ver1,10,40,1,40,0.197855,0.198337,0.119676,0.575779,0.155746,0.53717,0.032266,0.019347,0.0264,1.184746,0.598447,1.22769
gsm8k_orgn_vs_gpqa_ver1,11,40,1,40,0.17663,0.164284,0.12079,0.551675,0.14434,0.529292,0.039772,0.028437,0.029353,1.40812,0.589495,1.466684
gsm8k_orgn_vs_gpqa_ver1,12,40,1,40,0.255226,0.199807,0.2101,0.639296,0.146436,0.619647,0.054414,0.038293,0.048111,1.441099,0.65283,1.399909
gsm8k_orgn_vs_gpqa_ver1,13,40,1,40,0.183644,0.176993,0.128412,0.548903,0.158597,0.541915,0.057349,0.05134,0.038852,1.89568,0.852861,1.801371
gsm8k_orgn_vs_gpqa_ver1,14,40,1,40,0.278212,0.266609,0.174982,0.614715,0.191926,0.601528,0.063538,0.052196,0.045419,1.75864,0.997749,1.664092
gsm8k_orgn_vs_gpqa_ver1,15,40,1,40,0.182441,0.162504,0.13502,0.579599,0.12341,0.564194,0.053891,0.029726,0.046699,2.100426,0.788348,2.052516
gsm8k_orgn_vs_gpqa_ver1,16,40,1,40,0.226502,0.148564,0.188483,0.60551,0.111457,0.573562,0.053206,0.032024,0.047954,2.41409,0.984864,2.328264
gsm8k_orgn_vs_gpqa_ver1,17,40,1,40,0.24041,0.162042,0.200533,0.607512,0.127366,0.593324,0.090242,0.082967,0.067493,2.580763,0.891825,2.627042
gsm8k_orgn_vs_gpqa_ver1,18,40,1,40,0.290862,0.180236,0.256449,0.646432,0.127554,0.652057,0.065247,0.043167,0.049817,2.549756,1.33516,2.478814
gsm8k_orgn_vs_gpqa_ver1,19,40,1,40,0.213716,0.119774,0.201546,0.591915,0.107936,0.585572,0.045057,0.02988,0.035938,2.898323,0.866245,2.800408
gsm8k_orgn_vs_gpqa_ver1,20,40,1,40,0.224363,0.163052,0.166764,0.584834,0.127355,0.570083,0.051081,0.028211,0.043093,2.945646,1.295197,2.984654
gsm8k_orgn_vs_gpqa_ver1,21,40,1,40,0.20466,0.164225,0.160066,0.585003,0.13,0.561902,0.074006,0.046206,0.063032,3.738249,1.238903,3.594292
gsm8k_orgn_vs_gpqa_ver1,22,40,1,40,0.237644,0.175138,0.233871,0.591269,0.136849,0.618651,0.070841,0.050351,0.06592,3.741735,1.151865,3.833986
gsm8k_orgn_vs_gpqa_ver1,23,40,1,40,0.277843,0.175434,0.245658,0.618981,0.136482,0.611644,0.057887,0.030553,0.050151,2.706262,1.230838,2.585796
gsm8k_orgn_vs_gpqa_ver1,24,40,1,40,0.205678,0.157472,0.163219,0.553569,0.125015,0.553817,0.078628,0.053949,0.058005,3.988307,1.985952,3.831372
gsm8k_orgn_vs_gpqa_ver1,25,40,1,40,0.24631,0.107211,0.23565,0.58398,0.104045,0.57846,0.071308,0.076913,0.04348,3.708178,1.346287,3.366934
gsm8k_orgn_vs_gpqa_ver1,26,40,1,40,0.229483,0.179781,0.185256,0.589678,0.115197,0.580429,0.075774,0.065138,0.051161,3.813063,1.471768,4.051671
gsm8k_orgn_vs_gpqa_ver1,27,40,1,40,0.162083,0.069292,0.151852,0.539707,0.084205,0.551336,0.055569,0.024843,0.051438,5.652795,2.435757,5.050296
gsm8k_orgn_vs_gpqa_ver1,28,40,1,40,0.168111,0.166994,0.132062,0.554242,0.124,0.54703,0.050685,0.022904,0.047062,4.94467,1.756251,4.788942
gsm8k_orgn_vs_gpqa_ver1,29,40,1,40,0.232421,0.17976,0.189872,0.605049,0.103432,0.58781,0.058532,0.072162,0.032645,4.549288,1.639126,4.442242
gsm8k_orgn_vs_gpqa_ver1,30,40,1,40,0.214355,0.206922,0.150318,0.56722,0.142361,0.536822,0.051898,0.036517,0.040676,5.794923,2.760015,4.94176
gsm8k_orgn_vs_gpqa_ver1,31,40,1,40,0.235207,0.159569,0.207776,0.588385,0.11908,0.601962,0.069972,0.050995,0.05549,6.372541,2.424507,6.520814
gsm8k_orgn_vs_gpqa_ver1,32,40,1,40,0.251806,0.194483,0.19632,0.60097,0.14344,0.562412,0.079719,0.072732,0.044387,5.981498,3.344509,5.13081
gsm8k_orgn_vs_gpqa_ver1,33,40,1,40,0.228904,0.15703,0.203952,0.570617,0.109208,0.553446,0.052761,0.026901,0.049033,6.477985,2.505702,6.028983
gsm8k_orgn_vs_gpqa_ver1,34,40,1,40,0.268234,0.223811,0.20287,0.61451,0.155184,0.572687,0.053615,0.034625,0.039483,7.185353,4.195771,6.041324
gsm8k_orgn_vs_gpqa_ver1,35,40,1,40,0.254306,0.154617,0.222596,0.585595,0.100816,0.578056,0.045261,0.046682,0.024258,6.925477,2.485726,6.436155
gsm8k_orgn_vs_gpqa_ver1,36,40,1,40,0.21271,0.155913,0.165994,0.558277,0.150083,0.559122,0.079724,0.092728,0.045236,11.383274,7.136192,9.829077
gsm8k_orgn_vs_gpqa_ver1,37,40,1,40,0.259117,0.158901,0.2139,0.580579,0.120846,0.551521,0.07783,0.082832,0.043828,13.518495,5.535369,11.558932
gsm8k_orgn_vs_gpqa_ver1,38,40,1,40,0.324072,0.22253,0.317728,0.607149,0.18543,0.63443,0.077797,0.074998,0.050252,17.952002,10.127322,17.610263
gsm8k_orgn_vs_gpqa_ver1,39,40,1,40,0.292768,0.234504,0.249329,0.562771,0.176282,0.581708,0.111154,0.098067,0.064773,19.211949,12.033013,16.356693
gsm8k_orgn_vs_gsm8k_ver1,0,40,1,40,0.311336,0.294995,0.18874,0.653238,0.172163,0.608961,0.072999,0.049981,0.052581,0.282483,0.131405,0.269715
gsm8k_orgn_vs_gsm8k_ver1,1,40,1,40,0.365815,0.288701,0.288103,0.724549,0.167174,0.717562,0.064603,0.058586,0.043996,0.282962,0.147273,0.234981
gsm8k_orgn_vs_gsm8k_ver1,2,40,1,40,0.212233,0.146778,0.175794,0.627312,0.098085,0.609906,0.040379,0.037549,0.027607,0.372576,0.169337,0.331552
gsm8k_orgn_vs_gsm8k_ver1,3,40,1,40,0.232665,0.111772,0.238804,0.640712,0.116381,0.671371,0.052896,0.084201,0.026946,0.426347,0.154134,0.430729
gsm8k_orgn_vs_gsm8k_ver1,4,40,1,40,0.259995,0.170217,0.198734,0.660586,0.111602,0.62604,0.049491,0.045358,0.033006,0.503334,0.18966,0.520065
gsm8k_orgn_vs_gsm8k_ver1,5,40,1,40,0.429185,0.264678,0.386106,0.787051,0.139456,0.799615,0.038109,0.031073,0.026526,0.471856,0.281306,0.485852
gsm8k_orgn_vs_gsm8k_ver1,6,40,1,40,0.278212,0.140748,0.277761,0.695506,0.108282,0.708941,0.041836,0.032666,0.027252,0.703307,0.252789,0.72999
gsm8k_orgn_vs_gsm8k_ver1,7,40,1,40,0.297533,0.163339,0.28142,0.723881,0.102704,0.747709,0.036006,0.05572,0.016696,0.841276,0.494283,0.78011
gsm8k_orgn_vs_gsm8k_ver1,8,40,1,40,0.389754,0.223853,0.348572,0.785474,0.107221,0.786716,0.027274,0.02855,0.017829,0.818361,0.50409,0.795642
gsm8k_orgn_vs_gsm8k_ver1,9,40,1,40,0.357294,0.262039,0.256054,0.761052,0.126082,0.745852,0.014441,0.008512,0.012151,0.849744,0.522077,0.854206
gsm8k_orgn_vs_gsm8k_ver1,10,40,1,40,0.257315,0.220277,0.18401,0.695868,0.128579,0.703234,0.013199,0.006539,0.01122,1.151141,0.634796,1.11787
gsm8k_orgn_vs_gsm8k_ver1,11,40,1,40,0.251561,0.197727,0.189602,0.703278,0.118781,0.714732,0.011372,0.007452,0.009235,1.403158,0.668011,1.467256
gsm8k_orgn_vs_gsm8k_ver1,12,40,1,40,0.370891,0.205534,0.31817,0.80101,0.090765,0.789371,0.010002,0.004567,0.010115,1.321726,0.709419,1.318503
gsm8k_orgn_vs_gsm8k_ver1,13,40,1,40,0.293975,0.198166,0.245194,0.742729,0.131529,0.74859,0.012166,0.009264,0.008427,1.744539,0.861786,1.606564
gsm8k_orgn_vs_gsm8k_ver1,14,40,1,40,0.378014,0.25867,0.339644,0.780941,0.128011,0.800052,0.017738,0.018801,0.010981,1.618059,0.990886,1.585798
gsm8k_orgn_vs_gsm8k_ver1,15,40,1,40,0.29347,0.185475,0.226694,0.767871,0.086608,0.761023,0.013114,0.014195,0.009246,1.897499,0.737052,1.926754
gsm8k_orgn_vs_gsm8k_ver1,16,40,1,40,0.331873,0.166378,0.300972,0.765229,0.10552,0.789924,0.010018,0.006689,0.008366,2.164955,0.981033,2.076342
gsm8k_orgn_vs_gsm8k_ver1,17,40,1,40,0.367609,0.178836,0.33158,0.799361,0.077542,0.809178,0.019964,0.025838,0.009993,2.220208,0.844434,2.332176
gsm8k_orgn_vs_gsm8k_ver1,18,40,1,40,0.407674,0.195809,0.381934,0.778326,0.102956,0.788556,0.024797,0.040757,0.010076,2.197689,1.300863,2.15103
gsm8k_orgn_vs_gsm8k_ver1,19,40,1,40,0.301599,0.157156,0.281322,0.734976,0.087609,0.728843,0.011902,0.004371,0.011648,2.564913,0.785052,2.573916
gsm8k_orgn_vs_gsm8k_ver1,20,40,1,40,0.31196,0.174055,0.265334,0.740482,0.097563,0.749432,0.015045,0.011132,0.011217,2.601331,1.274326,2.587771
gsm8k_orgn_vs_gsm8k_ver1,21,40,1,40,0.336108,0.17251,0.328464,0.779507,0.071773,0.783638,0.014096,0.018841,0.007343,3.149369,1.157078,2.892874
gsm8k_orgn_vs_gsm8k_ver1,22,40,1,40,0.333976,0.19298,0.306668,0.765932,0.099772,0.776794,0.019156,0.050339,0.008148,3.296246,1.059331,3.267541
gsm8k_orgn_vs_gsm8k_ver1,23,40,1,40,0.373057,0.183035,0.341005,0.755247,0.10316,0.766424,0.02146,0.032843,0.009384,2.339703,1.189336,2.292021
gsm8k_orgn_vs_gsm8k_ver1,24,40,1,40,0.32581,0.152785,0.299113,0.776283,0.077816,0.787972,0.011066,0.009082,0.008154,3.279021,1.772231,3.387153
gsm8k_orgn_vs_gsm8k_ver1,25,40,1,40,0.347941,0.128555,0.32935,0.769626,0.071402,0.764927,0.030662,0.057597,0.00995,3.272246,1.199435,3.104482
gsm8k_orgn_vs_gsm8k_ver1,26,40,1,40,0.319985,0.173426,0.27409,0.770745,0.076547,0.784576,0.039002,0.080326,0.008736,3.51098,1.476653,3.828518
gsm8k_orgn_vs_gsm8k_ver1,27,40,1,40,0.245397,0.082652,0.246592,0.72391,0.080955,0.742416,0.01437,0.008692,0.010703,5.051892,2.191055,4.758496
gsm8k_orgn_vs_gsm8k_ver1,28,40,1,40,0.264667,0.177312,0.22129,0.749763,0.085223,0.765187,0.01284,0.013242,0.008801,4.114585,1.855081,3.946146
gsm8k_orgn_vs_gsm8k_ver1,29,40,1,40,0.286468,0.185872,0.229707,0.732547,0.072033,0.729274,0.035966,0.065717,0.012086,4.352089,1.544707,4.222965
gsm8k_orgn_vs_gsm8k_ver1,30,40,1,40,0.282129,0.192002,0.209209,0.726061,0.106679,0.726244,0.015063,0.011255,0.01144,5.100918,2.417879,4.675922
gsm8k_orgn_vs_gsm8k_ver1,31,40,1,40,0.301324,0.163343,0.266616,0.740045,0.082155,0.744022,0.023037,0.027731,0.013867,5.903855,2.218888,6.218606
gsm8k_orgn_vs_gsm8k_ver1,32,40,1,40,0.299162,0.204375,0.25075,0.723875,0.101154,0.709066,0.038722,0.045722,0.019541,5.738183,3.015594,5.265251
gsm8k_orgn_vs_gsm8k_ver1,33,40,1,40,0.291405,0.143,0.257919,0.724269,0.074593,0.729802,0.02712,0.0191,0.022896,6.118562,2.598177,5.927189
gsm8k_orgn_vs_gsm8k_ver1,34,40,1,40,0.337695,0.219426,0.28868,0.716425,0.123299,0.692162,0.035055,0.039058,0.016168,5.753608,3.202628,5.38078
gsm8k_orgn_vs_gsm8k_ver1,35,40,1,40,0.287247,0.144059,0.26764,0.680007,0.077366,0.686257,0.040282,0.054316,0.013495,7.138457,2.786912,6.675127
gsm8k_orgn_vs_gsm8k_ver1,36,40,1,40,0.261346,0.15258,0.202004,0.652758,0.121974,0.659285,0.06363,0.08787,0.025462,10.349714,6.293962,8.649336
gsm8k_orgn_vs_gsm8k_ver1,37,40,1,40,0.308565,0.165806,0.283109,0.680793,0.079822,0.65853,0.065247,0.075794,0.025891,12.446392,5.053076,11.657542
gsm8k_orgn_vs_gsm8k_ver1,38,40,1,40,0.386649,0.231483,0.394737,0.692682,0.154027,0.712701,0.070364,0.068398,0.03693,14.650386,8.526661,12.90418
gsm8k_orgn_vs_gsm8k_ver1,39,40,1,40,0.35144,0.23956,0.330602,0.653118,0.150402,0.67415,0.093392,0.070834,0.069032,16.086319,10.287556,13.327006
gsm8k_ver1_vs_gpqa_orgn,0,40,1,40,0.307332,0.301794,0.196018,0.644341,0.179097,0.633487,0.092942,0.04514,0.080286,0.281085,0.130176,0.274933
gsm8k_ver1_vs_gpqa_orgn,1,40,1,40,0.313735,0.296233,0.223322,0.67033,0.183937,0.651536,0.097727,0.074849,0.075234,0.283433,0.138448,0.257741
gsm8k_ver1_vs_gpqa_orgn,2,40,1,40,0.148814,0.108196,0.123376,0.539725,0.09091,0.529964,0.074579,0.072473,0.049998,0.358439,0.15199,0.344331
gsm8k_ver1_vs_gpqa_orgn,3,40,1,40,0.157813,0.091843,0.138259,0.53579,0.108913,0.542986,0.083719,0.088467,0.05571,0.428665,0.129388,0.417478
gsm8k_ver1_vs_gpqa_orgn,4,40,1,40,0.176681,0.141014,0.121348,0.542755,0.138586,0.502466,0.074864,0.060789,0.06098,0.513897,0.169321,0.533345
gsm8k_ver1_vs_gpqa_orgn,5,40,1,40,0.343488,0.262851,0.22551,0.686869,0.182198,0.657508,0.077617,0.055488,0.061423,0.498742,0.269454,0.516095
gsm8k_ver1_vs_gpqa_orgn,6,40,1,40,0.189112,0.14123,0.14694,0.549314,0.139442,0.532434,0.078997,0.041062,0.073483,0.741608,0.253156,0.804532
gsm8k_ver1_vs_gpqa_orgn,7,40,1,40,0.217143,0.170442,0.162666,0.568766,0.151329,0.541624,0.067492,0.082792,0.0334,0.903569,0.506447,0.853352
gsm8k_ver1_vs_gpqa_orgn,8,40,1,40,0.295889,0.246009,0.177429,0.643389,0.165602,0.589867,0.065604,0.063574,0.046481,0.889462,0.576787,0.815353
gsm8k_ver1_vs_gpqa_orgn,9,40,1,40,0.284046,0.236826,0.197736,0.659922,0.152545,0.645288,0.030617,0.023212,0.025592,0.883138,0.468108,0.882321
gsm8k_ver1_vs_gpqa_orgn,10,40,1,40,0.202462,0.197523,0.122289,0.582554,0.152282,0.539576,0.028938,0.015785,0.0244,1.154889,0.59375,1.21089
gsm8k_ver1_vs_gpqa_orgn,11,40,1,40,0.178251,0.168445,0.100616,0.548882,0.147346,0.537595,0.040995,0.029606,0.028568,1.427664,0.627292,1.485085
gsm8k_ver1_vs_gpqa_orgn,12,40,1,40,0.256101,0.200761,0.214491,0.634547,0.14702,0.614592,0.04582,0.034761,0.031565,1.468638,0.678723,1.440047
gsm8k_ver1_vs_gpqa_orgn,13,40,1,40,0.191455,0.180136,0.149526,0.560024,0.160549,0.561062,0.059285,0.051341,0.039884,1.867417,0.863551,1.734783
gsm8k_ver1_vs_gpqa_orgn,14,40,1,40,0.276868,0.263829,0.174606,0.622968,0.183123,0.60126,0.070718,0.054658,0.050311,1.757904,0.975958,1.712672
gsm8k_ver1_vs_gpqa_orgn,15,40,1,40,0.188609,0.165742,0.135612,0.57927,0.12603,0.555423,0.056221,0.032606,0.048487,2.093422,0.783426,2.057832
gsm8k_ver1_vs_gpqa_orgn,16,40,1,40,0.223498,0.148938,0.182584,0.597519,0.114382,0.574598,0.055407,0.034033,0.043762,2.406578,0.99247,2.326986
gsm8k_ver1_vs_gpqa_orgn,17,40,1,40,0.240148,0.166711,0.195446,0.615462,0.124982,0.598554,0.082728,0.077283,0.05422,2.600648,0.907431,2.588875
gsm8k_ver1_vs_gpqa_orgn,18,40,1,40,0.292617,0.177274,0.253797,0.652083,0.12798,0.65932,0.071801,0.0509,0.057374,2.509393,1.305356,2.479805
gsm8k_ver1_vs_gpqa_orgn,19,40,1,40,0.207794,0.125418,0.191222,0.587049,0.112747,0.576462,0.052711,0.03275,0.039849,2.912079,0.861714,2.924157
gsm8k_ver1_vs_gpqa_orgn,20,40,1,40,0.22484,0.159683,0.174038,0.587157,0.126066,0.58295,0.050802,0.025757,0.044448,2.931292,1.309584,3.041216
gsm8k_ver1_vs_gpqa_orgn,21,40,1,40,0.209983,0.165927,0.175757,0.582906,0.132372,0.56153,0.072807,0.050415,0.055086,3.704487,1.277754,3.574018
gsm8k_ver1_vs_gpqa_orgn,22,40,1,40,0.236672,0.176566,0.218444,0.586326,0.13502,0.612734,0.06604,0.049988,0.061936,3.75153,1.161266,3.796522
gsm8k_ver1_vs_gpqa_orgn,23,40,1,40,0.265464,0.175031,0.215725,0.616967,0.130271,0.61109,0.060716,0.027691,0.056672,2.758891,1.250629,2.722568
gsm8k_ver1_vs_gpqa_orgn,24,40,1,40,0.205055,0.155135,0.16483,0.561194,0.120302,0.552023,0.070008,0.051413,0.04677,3.959639,1.959842,3.809338
gsm8k_ver1_vs_gpqa_orgn,25,40,1,40,0.247572,0.102047,0.247641,0.590025,0.101152,0.587864,0.074474,0.069448,0.054793,3.65947,1.325372,3.34562
gsm8k_ver1_vs_gpqa_orgn,26,40,1,40,0.227242,0.167544,0.188066,0.590769,0.107381,0.580724,0.077251,0.075234,0.052454,3.80823,1.509265,4.023536
gsm8k_ver1_vs_gpqa_orgn,27,40,1,40,0.164815,0.068838,0.16116,0.54064,0.088372,0.560656,0.04912,0.02366,0.041888,5.580533,2.492941,4.921279
gsm8k_ver1_vs_gpqa_orgn,28,40,1,40,0.17864,0.171499,0.153477,0.560266,0.126292,0.554387,0.047333,0.023555,0.042512,4.743762,1.806565,4.578768
gsm8k_ver1_vs_gpqa_orgn,29,40,1,40,0.227878,0.169577,0.178029,0.606312,0.100095,0.590096,0.063774,0.090521,0.030407,4.594144,1.695814,4.477399
gsm8k_ver1_vs_gpqa_orgn,30,40,1,40,0.223167,0.210717,0.165517,0.574674,0.144654,0.556058,0.049688,0.03667,0.039388,5.702439,2.823477,4.706105
gsm8k_ver1_vs_gpqa_orgn,31,40,1,40,0.23214,0.170719,0.21224,0.58688,0.126518,0.58828,0.059669,0.055255,0.043138,6.483929,2.42834,6.833973
gsm8k_ver1_vs_gpqa_orgn,32,40,1,40,0.264918,0.199875,0.217014,0.607361,0.142978,0.580675,0.062888,0.060413,0.033188,5.738195,3.353156,4.917236
gsm8k_ver1_vs_gpqa_orgn,33,40,1,40,0.234256,0.168047,0.185878,0.581755,0.110591,0.566305,0.043561,0.02156,0.03948,6.268319,2.543735,5.950148
gsm8k_ver1_vs_gpqa_orgn,34,40,1,40,0.282258,0.218913,0.220614,0.626678,0.156166,0.598936,0.049553,0.034266,0.040622,6.712017,3.750986,5.573664
gsm8k_ver1_vs_gpqa_orgn,35,40,1,40,0.251347,0.163909,0.21392,0.589126,0.104541,0.579821,0.045622,0.056758,0.022423,7.308088,2.524169,6.953064
gsm8k_ver1_vs_gpqa_orgn,36,40,1,40,0.220428,0.163359,0.164879,0.564791,0.151128,0.534955,0.063231,0.054377,0.041938,10.78055,7.237028,8.912514
gsm8k_ver1_vs_gpqa_orgn,37,40,1,40,0.264997,0.16372,0.208597,0.589949,0.120322,0.550009,0.065475,0.054781,0.04374,12.745611,5.70472,10.759841
gsm8k_ver1_vs_gpqa_orgn,38,40,1,40,0.327928,0.231766,0.348538,0.62027,0.18659,0.673175,0.080369,0.050521,0.065616,17.212519,10.046146,16.22876
gsm8k_ver1_vs_gpqa_orgn,39,40,1,40,0.321072,0.246339,0.269628,0.581345,0.182945,0.600027,0.118925,0.089939,0.087742,18.098809,12.268181,15.35921
gsm8k_ver1_vs_gpqa_ver1,0,40,1,40,0.313122,0.281961,0.186772,0.691097,0.14082,0.652582,0.048612,0.023391,0.041859,0.292705,0.128024,0.289232
gsm8k_ver1_vs_gpqa_ver1,1,40,1,40,0.339259,0.291272,0.245836,0.732672,0.150038,0.706878,0.054461,0.033466,0.047634,0.282525,0.152492,0.24546
gsm8k_ver1_vs_gpqa_ver1,2,40,1,40,0.174099,0.114517,0.152296,0.613003,0.083191,0.608426,0.055828,0.055386,0.04057,0.351618,0.155319,0.344201
gsm8k_ver1_vs_gpqa_ver1,3,40,1,40,0.191751,0.113261,0.170542,0.606209,0.096977,0.628438,0.061404,0.039886,0.049546,0.426733,0.142608,0.414138
gsm8k_ver1_vs_gpqa_ver1,4,40,1,40,0.200686,0.138689,0.159128,0.586121,0.131447,0.551644,0.05751,0.042428,0.045334,0.512865,0.177589,0.52736
gsm8k_ver1_vs_gpqa_ver1,5,40,1,40,0.358667,0.263114,0.253045,0.719974,0.171876,0.71248,0.065369,0.048628,0.052355,0.497334,0.270696,0.516463
gsm8k_ver1_vs_gpqa_ver1,6,40,1,40,0.222701,0.153296,0.196736,0.598914,0.137,0.585718,0.059583,0.032723,0.049898,0.730642,0.266626,0.800199
gsm8k_ver1_vs_gpqa_ver1,7,40,1,40,0.236343,0.178904,0.178282,0.606203,0.154227,0.596864,0.051829,0.054072,0.0305,0.902736,0.504906,0.88247
gsm8k_ver1_vs_gpqa_ver1,8,40,1,40,0.299088,0.239526,0.190002,0.666781,0.155395,0.63099,0.053542,0.050287,0.039799,0.904609,0.583593,0.812383
gsm8k_ver1_vs_gpqa_ver1,9,40,1,40,0.278849,0.226139,0.209696,0.678688,0.136789,0.67295,0.031574,0.022397,0.025442,0.908616,0.46309,0.908597
gsm8k_ver1_vs_gpqa_ver1,10,40,1,40,0.204764,0.197988,0.119282,0.596037,0.148752,0.55958,0.027069,0.013859,0.023523,1.174374,0.607947,1.211416
gsm8k_ver1_vs_gpqa_ver1,11,40,1,40,0.183101,0.167235,0.11383,0.570105,0.139705,0.55862,0.039827,0.028788,0.028648,1.41954,0.609379,1.507899
gsm8k_ver1_vs_gpqa_ver1,12,40,1,40,0.254781,0.19593,0.21603,0.64026,0.143838,0.621358,0.04629,0.033864,0.034604,1.48185,0.674071,1.44573
gsm8k_ver1_vs_gpqa_ver1,13,40,1,40,0.193354,0.178456,0.143814,0.568462,0.156531,0.559972,0.057291,0.046885,0.036992,1.883007,0.869938,1.759596
gsm8k_ver1_vs_gpqa_ver1,14,40,1,40,0.289808,0.266114,0.184156,0.633456,0.185145,0.605638,0.060654,0.047304,0.040954,1.744083,0.990073,1.71193
gsm8k_ver1_vs_gpqa_ver1,15,40,1,40,0.18847,0.163334,0.135124,0.594272,0.122085,0.578491,0.051336,0.026485,0.045856,2.082829,0.785008,2.013166
gsm8k_ver1_vs_gpqa_ver1,16,40,1,40,0.22537,0.14549,0.18941,0.606874,0.109228,0.577906,0.052808,0.031397,0.044261,2.407778,0.98644,2.312499
gsm8k_ver1_vs_gpqa_ver1,17,40,1,40,0.241118,0.168953,0.199746,0.619797,0.128709,0.606296,0.081314,0.072702,0.05902,2.602035,0.907817,2.625376
gsm8k_ver1_vs_gpqa_ver1,18,40,1,40,0.302952,0.182051,0.262446,0.664822,0.124812,0.670408,0.064376,0.034043,0.055508,2.512168,1.310784,2.422305
gsm8k_ver1_vs_gpqa_ver1,19,40,1,40,0.217577,0.128199,0.201929,0.600086,0.113597,0.59022,0.045965,0.028501,0.035279,2.873918,0.853243,2.835685
gsm8k_ver1_vs_gpqa_ver1,20,40,1,40,0.230266,0.162241,0.183189,0.596699,0.126235,0.595244,0.048336,0.025445,0.040968,2.920453,1.290067,2.979336
gsm8k_ver1_vs_gpqa_ver1,21,40,1,40,0.208298,0.165151,0.163391,0.588376,0.130151,0.567066,0.069082,0.043014,0.056826,3.734419,1.251061,3.590744
gsm8k_ver1_vs_gpqa_ver1,22,40,1,40,0.237808,0.17667,0.224304,0.59736,0.134588,0.61418,0.062209,0.036612,0.064234,3.740164,1.163696,3.722238
gsm8k_ver1_vs_gpqa_ver1,23,40,1,40,0.285896,0.173459,0.244268,0.636861,0.126815,0.630421,0.045915,0.018877,0.044014,2.715458,1.228186,2.58822
gsm8k_ver1_vs_gpqa_ver1,24,40,1,40,0.207123,0.161973,0.161349,0.559289,0.125774,0.557973,0.071533,0.049019,0.050107,3.977801,1.980283,3.802056
gsm8k_ver1_vs_gpqa_ver1,25,40,1,40,0.267683,0.113614,0.259333,0.60698,0.104264,0.599079,0.060655,0.045384,0.049165,3.598686,1.322864,3.111846
gsm8k_ver1_vs_gpqa_ver1,26,40,1,40,0.242482,0.191274,0.185026,0.609958,0.12347,0.582616,0.055491,0.03143,0.047897,3.751962,1.470484,4.003061
gsm8k_ver1_vs_gpqa_ver1,27,40,1,40,0.169023,0.070809,0.169104,0.551559,0.087498,0.57236,0.04584,0.019391,0.040839,5.593645,2.546453,5.106854
gsm8k_ver1_vs_gpqa_ver1,28,40,1,40,0.179168,0.166729,0.14446,0.573704,0.121719,0.574521,0.046844,0.021213,0.040226,4.895636,1.778846,4.621286
gsm8k_ver1_vs_gpqa_ver1,29,40,1,40,0.245202,0.186704,0.184984,0.631991,0.111541,0.604332,0.0479,0.060922,0.025391,4.490745,1.627847,4.354674
gsm8k_ver1_vs_gpqa_ver1,30,40,1,40,0.221869,0.211851,0.16087,0.582582,0.142773,0.558664,0.048716,0.035305,0.036267,5.719155,2.902503,4.811808
gsm8k_ver1_vs_gpqa_ver1,31,40,1,40,0.242594,0.170639,0.205892,0.60515,0.125166,0.611884,0.06146,0.047201,0.050228,6.302561,2.485121,6.572644
gsm8k_ver1_vs_gpqa_ver1,32,40,1,40,0.275885,0.202267,0.22743,0.627095,0.145364,0.588594,0.056817,0.060854,0.028583,5.765526,3.450268,4.644825
gsm8k_ver1_vs_gpqa_ver1,33,40,1,40,0.247472,0.169533,0.202838,0.59956,0.109595,0.57601,0.039454,0.019504,0.036949,6.36485,2.711075,6.086463
gsm8k_ver1_vs_gpqa_ver1,34,40,1,40,0.287266,0.229969,0.207426,0.638947,0.162864,0.608162,0.039016,0.018189,0.03566,7.05606,4.207512,5.793328
gsm8k_ver1_vs_gpqa_ver1,35,40,1,40,0.27371,0.178166,0.231441,0.618067,0.110395,0.598224,0.030912,0.026044,0.022833,7.023896,2.504845,6.492656
gsm8k_ver1_vs_gpqa_ver1,36,40,1,40,0.259697,0.161437,0.2098,0.604553,0.140911,0.576882,0.043094,0.033414,0.034056,10.651963,7.145865,8.76575
gsm8k_ver1_vs_gpqa_ver1,37,40,1,40,0.30497,0.19006,0.207168,0.629965,0.140324,0.57351,0.038565,0.025323,0.029808,12.278128,5.224532,11.273072
gsm8k_ver1_vs_gpqa_ver1,38,40,1,40,0.352355,0.230446,0.385502,0.64539,0.184761,0.707033,0.054694,0.021994,0.052565,16.497853,9.857079,15.717234
gsm8k_ver1_vs_gpqa_ver1,39,40,1,40,0.349952,0.252632,0.315678,0.613851,0.182774,0.63781,0.087834,0.05488,0.072876,17.673087,12.159472,13.999162
