pair,component,layer,n_rows,n_layers,n_heads,mean_pairwise_cosine_mean,mean_pairwise_cosine_std,mean_pairwise_cosine_median,maxmatch_cosine_mean,maxmatch_cosine_std,maxmatch_cosine_median,mmd_rbf_mean,mmd_rbf_std,mmd_rbf_median
gpqa_orgn_vs_gpqa_ver1,k,0,8,1,8,0.949906,0.05981,0.978068,0.981057,0.024025,0.992336,0.0137,0.009889,0.010919
gpqa_orgn_vs_gpqa_ver1,k,1,8,1,8,0.696565,0.102584,0.693892,0.885581,0.045563,0.888548,0.009286,0.00556,0.008048
gpqa_orgn_vs_gpqa_ver1,k,2,8,1,8,0.707102,0.137989,0.74375,0.867978,0.071227,0.894764,0.008695,0.004414,0.007506
gpqa_orgn_vs_gpqa_ver1,k,3,8,1,8,0.436552,0.078761,0.440518,0.75016,0.030664,0.763795,0.01124,0.01061,0.0078
gpqa_orgn_vs_gpqa_ver1,k,4,8,1,8,0.555639,0.075609,0.553305,0.803406,0.041756,0.807162,0.007165,0.00108,0.006726
gpqa_orgn_vs_gpqa_ver1,k,5,8,1,8,0.534246,0.109383,0.539509,0.79868,0.0758,0.800211,0.007042,0.000932,0.00663
gpqa_orgn_vs_gpqa_ver1,k,6,8,1,8,0.498312,0.109947,0.516849,0.791445,0.08355,0.790634,0.007362,0.001486,0.006777
gpqa_orgn_vs_gpqa_ver1,k,7,8,1,8,0.725172,0.07417,0.741486,0.869749,0.038536,0.876769,0.00817,0.003666,0.0068
gpqa_orgn_vs_gpqa_ver1,k,8,8,1,8,0.848276,0.06184,0.873048,0.927819,0.030452,0.933303,0.007389,0.001157,0.00717
gpqa_orgn_vs_gpqa_ver1,k,9,8,1,8,0.54602,0.14402,0.578158,0.782805,0.085655,0.803264,0.006148,0.001009,0.006171
gpqa_orgn_vs_gpqa_ver1,k,10,8,1,8,0.835482,0.117413,0.870455,0.923026,0.047302,0.933344,0.006908,0.001468,0.006484
gpqa_orgn_vs_gpqa_ver1,k,11,8,1,8,0.629576,0.092388,0.658952,0.827749,0.047311,0.842138,0.005178,0.000474,0.00518
gpqa_orgn_vs_gpqa_ver1,k,12,8,1,8,0.400197,0.149036,0.38782,0.716845,0.084066,0.709643,0.00509,0.000524,0.005043
gpqa_orgn_vs_gpqa_ver1,k,13,8,1,8,0.4468,0.096564,0.458047,0.741467,0.063158,0.740419,0.005464,0.000506,0.005626
gpqa_orgn_vs_gpqa_ver1,k,14,8,1,8,0.505044,0.132402,0.455661,0.7764,0.075437,0.771829,0.005458,0.000892,0.005275
gpqa_orgn_vs_gpqa_ver1,k,15,8,1,8,0.523209,0.088894,0.539967,0.776632,0.047242,0.781838,0.005709,0.000591,0.005644
gpqa_orgn_vs_gpqa_ver1,k,16,8,1,8,0.639677,0.089772,0.639108,0.840979,0.047146,0.831632,0.005387,0.00035,0.00536
gpqa_orgn_vs_gpqa_ver1,k,17,8,1,8,0.448943,0.125761,0.437608,0.751261,0.073754,0.722342,0.006944,0.0005,0.006922
gpqa_orgn_vs_gpqa_ver1,k,18,8,1,8,0.39809,0.109227,0.3571,0.733039,0.049867,0.722538,0.006264,0.002235,0.005584
gpqa_orgn_vs_gpqa_ver1,k,19,8,1,8,0.417352,0.039895,0.41308,0.744754,0.018603,0.749824,0.006138,0.00066,0.006046
gpqa_orgn_vs_gpqa_ver1,k,20,8,1,8,0.520892,0.129371,0.513537,0.79572,0.053234,0.80425,0.005839,0.000806,0.005791
gpqa_orgn_vs_gpqa_ver1,k,21,8,1,8,0.483939,0.120522,0.444878,0.798805,0.048513,0.804677,0.005436,0.001041,0.005172
gpqa_orgn_vs_gpqa_ver1,k,22,8,1,8,0.490977,0.071285,0.47365,0.777574,0.033979,0.771075,0.005505,0.000705,0.005622
gpqa_orgn_vs_gpqa_ver1,k,23,8,1,8,0.517776,0.091055,0.522528,0.795872,0.029692,0.800802,0.005376,0.001042,0.005362
gpqa_orgn_vs_gpqa_ver1,k,24,8,1,8,0.471429,0.115734,0.451642,0.796266,0.033752,0.791842,0.004866,0.000321,0.004807
gpqa_orgn_vs_gpqa_ver1,k,25,8,1,8,0.703918,0.09384,0.676918,0.87689,0.037364,0.870019,0.006818,0.001696,0.006318
gpqa_orgn_vs_gpqa_ver1,k,26,8,1,8,0.474986,0.069181,0.458407,0.783063,0.032534,0.786796,0.005613,0.001572,0.005093
gpqa_orgn_vs_gpqa_ver1,k,27,8,1,8,0.555863,0.097278,0.579416,0.807525,0.037954,0.814803,0.006788,0.000806,0.00682
gpqa_orgn_vs_gpqa_ver1,k,28,8,1,8,0.381774,0.043438,0.392596,0.750339,0.023732,0.752038,0.005743,0.000578,0.005876
gpqa_orgn_vs_gpqa_ver1,k,29,8,1,8,0.44489,0.107127,0.417533,0.757581,0.044035,0.747927,0.008194,0.003018,0.006432
gpqa_orgn_vs_gpqa_ver1,k,30,8,1,8,0.536061,0.124293,0.539032,0.794236,0.046379,0.79214,0.006322,0.001904,0.005576
gpqa_orgn_vs_gpqa_ver1,k,31,8,1,8,0.472267,0.105914,0.468688,0.759151,0.05623,0.761638,0.007552,0.002038,0.006612
gpqa_orgn_vs_gpqa_ver1,k,32,8,1,8,0.447834,0.079274,0.481874,0.73857,0.04121,0.737268,0.008925,0.005401,0.006279
gpqa_orgn_vs_gpqa_ver1,k,33,8,1,8,0.39868,0.057376,0.390022,0.724247,0.02139,0.715273,0.008461,0.002369,0.008089
gpqa_orgn_vs_gpqa_ver1,k,34,8,1,8,0.391898,0.110991,0.352776,0.73921,0.028443,0.742034,0.007616,0.003646,0.005802
gpqa_orgn_vs_gpqa_ver1,k,35,8,1,8,0.369639,0.054948,0.356952,0.727026,0.025092,0.727894,0.008855,0.00387,0.006934
gpqa_orgn_vs_gpqa_ver1,k,36,8,1,8,0.519393,0.122769,0.526716,0.768916,0.054629,0.769346,0.013873,0.01502,0.008435
gpqa_orgn_vs_gpqa_ver1,k,37,8,1,8,0.472213,0.106853,0.449077,0.738968,0.064365,0.733332,0.016186,0.013429,0.009938
gpqa_orgn_vs_gpqa_ver1,k,38,8,1,8,0.554923,0.148139,0.513047,0.7869,0.073575,0.764242,0.010916,0.006856,0.007262
gpqa_orgn_vs_gpqa_ver1,k,39,8,1,8,0.705829,0.049954,0.696678,0.868376,0.027155,0.862805,0.010177,0.002189,0.009557
gpqa_orgn_vs_gpqa_ver1,q,0,40,1,40,0.454814,0.100884,0.468486,0.769795,0.053784,0.766188,0.016318,0.018896,0.01021
gpqa_orgn_vs_gpqa_ver1,q,1,40,1,40,0.577775,0.10406,0.569274,0.83662,0.062956,0.842584,0.012702,0.016901,0.008634
gpqa_orgn_vs_gpqa_ver1,q,2,40,1,40,0.583152,0.116203,0.604222,0.812369,0.060953,0.831566,0.010698,0.006857,0.007925
gpqa_orgn_vs_gpqa_ver1,q,3,40,1,40,0.472974,0.072127,0.485074,0.757662,0.043644,0.755651,0.014017,0.015512,0.009432
gpqa_orgn_vs_gpqa_ver1,q,4,40,1,40,0.511586,0.075545,0.516862,0.77804,0.047624,0.783031,0.008276,0.003878,0.007114
gpqa_orgn_vs_gpqa_ver1,q,5,40,1,40,0.454922,0.107947,0.430986,0.762057,0.061696,0.751934,0.008908,0.004838,0.007116
gpqa_orgn_vs_gpqa_ver1,q,6,40,1,40,0.527406,0.10577,0.526022,0.785626,0.05176,0.786274,0.009587,0.00496,0.007832
gpqa_orgn_vs_gpqa_ver1,q,7,40,1,40,0.655771,0.099026,0.668839,0.829925,0.050792,0.840636,0.009016,0.004298,0.00786
gpqa_orgn_vs_gpqa_ver1,q,8,40,1,40,0.672326,0.090314,0.691898,0.847094,0.051635,0.858156,0.008594,0.003274,0.007631
gpqa_orgn_vs_gpqa_ver1,q,9,40,1,40,0.555456,0.125843,0.596752,0.791225,0.066066,0.795241,0.00602,0.001284,0.005794
gpqa_orgn_vs_gpqa_ver1,q,10,40,1,40,0.660362,0.089943,0.694994,0.842151,0.055116,0.86305,0.006488,0.00151,0.006085
gpqa_orgn_vs_gpqa_ver1,q,11,40,1,40,0.61794,0.093795,0.634898,0.815874,0.05333,0.828938,0.005134,0.000828,0.004893
gpqa_orgn_vs_gpqa_ver1,q,12,40,1,40,0.479482,0.112537,0.454931,0.750636,0.056403,0.73718,0.00524,0.000572,0.005114
gpqa_orgn_vs_gpqa_ver1,q,13,40,1,40,0.609392,0.136353,0.630981,0.820294,0.066543,0.829129,0.006327,0.001108,0.006068
gpqa_orgn_vs_gpqa_ver1,q,14,40,1,40,0.552545,0.080686,0.552676,0.792333,0.055419,0.78687,0.005595,0.00101,0.005467
gpqa_orgn_vs_gpqa_ver1,q,15,40,1,40,0.479143,0.07885,0.471234,0.754806,0.041345,0.749978,0.005386,0.000989,0.005106
gpqa_orgn_vs_gpqa_ver1,q,16,40,1,40,0.488589,0.094247,0.484313,0.764294,0.058612,0.761581,0.005833,0.000652,0.005809
gpqa_orgn_vs_gpqa_ver1,q,17,40,1,40,0.407538,0.101926,0.381129,0.721739,0.065426,0.714009,0.006428,0.001237,0.006156
gpqa_orgn_vs_gpqa_ver1,q,18,40,1,40,0.454637,0.093136,0.442388,0.749826,0.055331,0.736567,0.005976,0.001156,0.005675
gpqa_orgn_vs_gpqa_ver1,q,19,40,1,40,0.497314,0.11143,0.476761,0.745495,0.06648,0.728834,0.005633,0.000748,0.005631
gpqa_orgn_vs_gpqa_ver1,q,20,40,1,40,0.483258,0.087643,0.48552,0.756799,0.054611,0.759492,0.004967,0.000722,0.004824
gpqa_orgn_vs_gpqa_ver1,q,21,40,1,40,0.408508,0.06641,0.403684,0.705307,0.053018,0.700876,0.005104,0.000948,0.00495
gpqa_orgn_vs_gpqa_ver1,q,22,40,1,40,0.441739,0.05986,0.448866,0.727415,0.036069,0.721447,0.005797,0.000803,0.00563
gpqa_orgn_vs_gpqa_ver1,q,23,40,1,40,0.472079,0.065806,0.456718,0.741461,0.039622,0.739403,0.006295,0.001606,0.005907
gpqa_orgn_vs_gpqa_ver1,q,24,40,1,40,0.481864,0.066222,0.463346,0.743162,0.042281,0.73369,0.005427,0.001116,0.005062
gpqa_orgn_vs_gpqa_ver1,q,25,40,1,40,0.508476,0.05588,0.508346,0.757624,0.034899,0.750246,0.006117,0.003055,0.005247
gpqa_orgn_vs_gpqa_ver1,q,26,40,1,40,0.495542,0.063957,0.503632,0.75109,0.037834,0.74958,0.006398,0.002311,0.005684
gpqa_orgn_vs_gpqa_ver1,q,27,40,1,40,0.572751,0.077427,0.571164,0.797254,0.050406,0.800117,0.006676,0.000866,0.006569
gpqa_orgn_vs_gpqa_ver1,q,28,40,1,40,0.469348,0.062999,0.459361,0.73511,0.037967,0.732413,0.006513,0.00106,0.006112
gpqa_orgn_vs_gpqa_ver1,q,29,40,1,40,0.657423,0.148274,0.662954,0.822377,0.079466,0.830975,0.007419,0.002259,0.006816
gpqa_orgn_vs_gpqa_ver1,q,30,40,1,40,0.654979,0.104183,0.685506,0.825307,0.059355,0.840774,0.007312,0.002571,0.006459
gpqa_orgn_vs_gpqa_ver1,q,31,40,1,40,0.577787,0.099313,0.611687,0.789378,0.051826,0.798896,0.007902,0.002115,0.007338
gpqa_orgn_vs_gpqa_ver1,q,32,40,1,40,0.643653,0.076303,0.631362,0.812541,0.045965,0.800922,0.010485,0.00741,0.007996
gpqa_orgn_vs_gpqa_ver1,q,33,40,1,40,0.588455,0.049652,0.579602,0.781969,0.029589,0.780525,0.010609,0.004692,0.009374
gpqa_orgn_vs_gpqa_ver1,q,34,40,1,40,0.509772,0.05989,0.507747,0.741627,0.038658,0.739262,0.011523,0.006362,0.008575
gpqa_orgn_vs_gpqa_ver1,q,35,40,1,40,0.510992,0.03525,0.510704,0.744436,0.024659,0.742098,0.010912,0.005562,0.008726
gpqa_orgn_vs_gpqa_ver1,q,36,40,1,40,0.625442,0.063607,0.61763,0.799365,0.039474,0.795632,0.017742,0.020268,0.011716
gpqa_orgn_vs_gpqa_ver1,q,37,40,1,40,0.597244,0.058092,0.594328,0.793595,0.043794,0.796622,0.016691,0.013506,0.00991
gpqa_orgn_vs_gpqa_ver1,q,38,40,1,40,0.648733,0.084672,0.646447,0.826874,0.042664,0.820679,0.018751,0.01497,0.01366
gpqa_orgn_vs_gpqa_ver1,q,39,40,1,40,0.574115,0.082133,0.591803,0.786871,0.045092,0.784617,0.022428,0.013005,0.017529
gpqa_orgn_vs_gpqa_ver1,v,0,8,1,8,0.136221,0.151235,0.078186,0.667841,0.058126,0.65295,0.011247,0.005133,0.009647
gpqa_orgn_vs_gpqa_ver1,v,1,8,1,8,0.089994,0.115652,0.034564,0.653977,0.076774,0.639635,0.012038,0.004687,0.010363
gpqa_orgn_vs_gpqa_ver1,v,2,8,1,8,0.029469,0.018906,0.020437,0.530881,0.049482,0.525066,0.007778,0.001632,0.007342
gpqa_orgn_vs_gpqa_ver1,v,3,8,1,8,0.029806,0.017269,0.02456,0.567723,0.049176,0.558298,0.007177,0.003031,0.005964
gpqa_orgn_vs_gpqa_ver1,v,4,8,1,8,0.050311,0.061439,0.026358,0.554919,0.073659,0.523022,0.005875,0.001277,0.005464
gpqa_orgn_vs_gpqa_ver1,v,5,8,1,8,0.122135,0.118583,0.086397,0.615142,0.087594,0.59562,0.008432,0.003331,0.007737
gpqa_orgn_vs_gpqa_ver1,v,6,8,1,8,0.042807,0.023046,0.036368,0.528394,0.066947,0.518516,0.007624,0.001026,0.007482
gpqa_orgn_vs_gpqa_ver1,v,7,8,1,8,0.069104,0.03369,0.067327,0.511336,0.051342,0.53381,0.011313,0.005512,0.00897
gpqa_orgn_vs_gpqa_ver1,v,8,8,1,8,0.072824,0.017906,0.071546,0.559677,0.03482,0.558402,0.008353,0.002327,0.008387
gpqa_orgn_vs_gpqa_ver1,v,9,8,1,8,0.094022,0.061614,0.095236,0.564485,0.035844,0.55905,0.008143,0.000501,0.00804
gpqa_orgn_vs_gpqa_ver1,v,10,8,1,8,0.053381,0.025344,0.054078,0.512035,0.050201,0.532724,0.005332,0.000814,0.005294
gpqa_orgn_vs_gpqa_ver1,v,11,8,1,8,0.035953,0.009921,0.036313,0.462162,0.024451,0.459955,0.006139,0.000685,0.006084
gpqa_orgn_vs_gpqa_ver1,v,12,8,1,8,0.092228,0.070779,0.07087,0.504279,0.062437,0.474654,0.005309,0.000583,0.005319
gpqa_orgn_vs_gpqa_ver1,v,13,8,1,8,0.068514,0.046457,0.048203,0.48225,0.072224,0.480975,0.005485,0.001228,0.005135
gpqa_orgn_vs_gpqa_ver1,v,14,8,1,8,0.118486,0.118411,0.078418,0.549282,0.099631,0.497278,0.006568,0.001294,0.006013
gpqa_orgn_vs_gpqa_ver1,v,15,8,1,8,0.085949,0.039277,0.077543,0.516444,0.030784,0.507853,0.0067,0.001544,0.006278
gpqa_orgn_vs_gpqa_ver1,v,16,8,1,8,0.079514,0.024448,0.081092,0.511655,0.04277,0.513994,0.005494,0.000462,0.005422
gpqa_orgn_vs_gpqa_ver1,v,17,8,1,8,0.091174,0.050575,0.081604,0.534413,0.043896,0.522394,0.005454,0.001317,0.004851
gpqa_orgn_vs_gpqa_ver1,v,18,8,1,8,0.085109,0.048322,0.07734,0.501066,0.062143,0.495367,0.006134,0.001357,0.005678
gpqa_orgn_vs_gpqa_ver1,v,19,8,1,8,0.07158,0.034773,0.08427,0.48892,0.060281,0.500384,0.005319,0.000273,0.005282
gpqa_orgn_vs_gpqa_ver1,v,20,8,1,8,0.062875,0.035128,0.059672,0.446947,0.060173,0.437181,0.005542,0.00083,0.005624
gpqa_orgn_vs_gpqa_ver1,v,21,8,1,8,0.089358,0.076087,0.062005,0.494828,0.071032,0.485414,0.005177,0.00059,0.005059
gpqa_orgn_vs_gpqa_ver1,v,22,8,1,8,0.073942,0.040034,0.077572,0.493556,0.044773,0.502178,0.006099,0.00181,0.005371
gpqa_orgn_vs_gpqa_ver1,v,23,8,1,8,0.057306,0.014897,0.059208,0.451787,0.035008,0.452388,0.005695,0.001888,0.004857
gpqa_orgn_vs_gpqa_ver1,v,24,8,1,8,0.061523,0.028105,0.054066,0.473453,0.063781,0.465253,0.004762,0.00051,0.004572
gpqa_orgn_vs_gpqa_ver1,v,25,8,1,8,0.077526,0.047512,0.074544,0.48081,0.055375,0.495352,0.006598,0.004346,0.004882
gpqa_orgn_vs_gpqa_ver1,v,26,8,1,8,0.075332,0.041681,0.053218,0.479582,0.039719,0.492774,0.007416,0.004704,0.005746
gpqa_orgn_vs_gpqa_ver1,v,27,8,1,8,0.076294,0.027656,0.068894,0.508612,0.042811,0.504787,0.005585,0.001155,0.005488
gpqa_orgn_vs_gpqa_ver1,v,28,8,1,8,0.04926,0.016935,0.047342,0.486407,0.034506,0.489416,0.007171,0.001114,0.007121
gpqa_orgn_vs_gpqa_ver1,v,29,8,1,8,0.105204,0.105945,0.058178,0.500802,0.070055,0.479659,0.014303,0.019027,0.007492
gpqa_orgn_vs_gpqa_ver1,v,30,8,1,8,0.072735,0.054983,0.052352,0.491903,0.04598,0.48549,0.007822,0.001439,0.00774
gpqa_orgn_vs_gpqa_ver1,v,31,8,1,8,0.088942,0.057586,0.075936,0.495531,0.079635,0.495602,0.007823,0.003533,0.006596
gpqa_orgn_vs_gpqa_ver1,v,32,8,1,8,0.092273,0.06893,0.06789,0.483687,0.05125,0.477427,0.009567,0.005766,0.007112
gpqa_orgn_vs_gpqa_ver1,v,33,8,1,8,0.042631,0.007767,0.043535,0.472288,0.028844,0.475919,0.007152,0.001238,0.007424
gpqa_orgn_vs_gpqa_ver1,v,34,8,1,8,0.057844,0.044257,0.038464,0.464351,0.037501,0.470918,0.011117,0.008926,0.00668
gpqa_orgn_vs_gpqa_ver1,v,35,8,1,8,0.041721,0.022915,0.027926,0.46336,0.027351,0.469212,0.01434,0.009073,0.010592
gpqa_orgn_vs_gpqa_ver1,v,36,8,1,8,0.083066,0.074178,0.055109,0.458745,0.067035,0.439978,0.012539,0.006706,0.009897
gpqa_orgn_vs_gpqa_ver1,v,37,8,1,8,0.085405,0.08629,0.04699,0.476798,0.063262,0.456759,0.024214,0.034146,0.011482
gpqa_orgn_vs_gpqa_ver1,v,38,8,1,8,0.088133,0.097493,0.0419,0.443491,0.09196,0.40927,0.011945,0.005448,0.010782
gpqa_orgn_vs_gpqa_ver1,v,39,8,1,8,0.103783,0.107569,0.052504,0.463779,0.100524,0.434168,0.016262,0.011208,0.013124
gsm8k_orgn_vs_gpqa_orgn,k,0,8,1,8,0.950078,0.060685,0.978295,0.980427,0.024433,0.991567,0.031334,0.007544,0.033091
gsm8k_orgn_vs_gpqa_orgn,k,1,8,1,8,0.695758,0.105138,0.702382,0.877018,0.048599,0.886364,0.039742,0.013654,0.041028
gsm8k_orgn_vs_gpqa_orgn,k,2,8,1,8,0.708557,0.121351,0.734054,0.862405,0.06956,0.88562,0.03779,0.012387,0.038424
gsm8k_orgn_vs_gpqa_orgn,k,3,8,1,8,0.456317,0.084156,0.462141,0.744099,0.036105,0.749757,0.043682,0.015702,0.039738
gsm8k_orgn_vs_gpqa_orgn,k,4,8,1,8,0.559409,0.079543,0.552264,0.782862,0.044097,0.783676,0.046383,0.015018,0.042791
gsm8k_orgn_vs_gpqa_orgn,k,5,8,1,8,0.54898,0.115325,0.548519,0.789074,0.07342,0.793961,0.036484,0.013531,0.033158
gsm8k_orgn_vs_gpqa_orgn,k,6,8,1,8,0.512075,0.107005,0.519091,0.765958,0.078969,0.760942,0.075414,0.047933,0.059568
gsm8k_orgn_vs_gpqa_orgn,k,7,8,1,8,0.732356,0.071733,0.745682,0.860429,0.040258,0.870056,0.047818,0.022008,0.043518
gsm8k_orgn_vs_gpqa_orgn,k,8,8,1,8,0.851307,0.060875,0.873488,0.923103,0.034886,0.932168,0.047611,0.022092,0.045322
gsm8k_orgn_vs_gpqa_orgn,k,9,8,1,8,0.552307,0.139583,0.582167,0.764925,0.087014,0.778646,0.037841,0.009443,0.040786
gsm8k_orgn_vs_gpqa_orgn,k,10,8,1,8,0.840298,0.09997,0.867083,0.918507,0.045227,0.926967,0.039033,0.009777,0.039693
gsm8k_orgn_vs_gpqa_orgn,k,11,8,1,8,0.633128,0.088837,0.659426,0.802376,0.049511,0.813832,0.05018,0.008974,0.048532
gsm8k_orgn_vs_gpqa_orgn,k,12,8,1,8,0.401884,0.144478,0.385878,0.669934,0.099907,0.656664,0.052853,0.006825,0.054094
gsm8k_orgn_vs_gpqa_orgn,k,13,8,1,8,0.459107,0.098873,0.460837,0.7031,0.072444,0.69125,0.055969,0.014345,0.058849
gsm8k_orgn_vs_gpqa_orgn,k,14,8,1,8,0.501405,0.137505,0.450576,0.738927,0.08445,0.726298,0.061743,0.016423,0.061672
gsm8k_orgn_vs_gpqa_orgn,k,15,8,1,8,0.531262,0.087897,0.539056,0.745784,0.057076,0.755057,0.057198,0.011364,0.056702
gsm8k_orgn_vs_gpqa_orgn,k,16,8,1,8,0.64299,0.078396,0.63835,0.817918,0.052845,0.810657,0.051714,0.012794,0.054882
gsm8k_orgn_vs_gpqa_orgn,k,17,8,1,8,0.454177,0.124513,0.434101,0.723366,0.080032,0.694792,0.062668,0.017219,0.059135
gsm8k_orgn_vs_gpqa_orgn,k,18,8,1,8,0.417347,0.101224,0.379016,0.703218,0.054214,0.683128,0.052418,0.011001,0.054485
gsm8k_orgn_vs_gpqa_orgn,k,19,8,1,8,0.436996,0.032818,0.442736,0.71455,0.023548,0.716964,0.061318,0.008745,0.06021
gsm8k_orgn_vs_gpqa_orgn,k,20,8,1,8,0.532201,0.125555,0.520114,0.772987,0.060084,0.777322,0.052117,0.014932,0.054854
gsm8k_orgn_vs_gpqa_orgn,k,21,8,1,8,0.510025,0.112626,0.477491,0.77505,0.053036,0.774075,0.065782,0.011634,0.07031
gsm8k_orgn_vs_gpqa_orgn,k,22,8,1,8,0.52086,0.064185,0.502365,0.757664,0.037986,0.759062,0.048686,0.006561,0.048355
gsm8k_orgn_vs_gpqa_orgn,k,23,8,1,8,0.54065,0.091418,0.546807,0.777362,0.035313,0.77792,0.060749,0.01033,0.060778
gsm8k_orgn_vs_gpqa_orgn,k,24,8,1,8,0.50244,0.107343,0.482736,0.766917,0.042108,0.760594,0.06774,0.008944,0.063088
gsm8k_orgn_vs_gpqa_orgn,k,25,8,1,8,0.718893,0.088503,0.704992,0.868739,0.03912,0.859774,0.051492,0.007375,0.052052
gsm8k_orgn_vs_gpqa_orgn,k,26,8,1,8,0.504618,0.071487,0.492455,0.758121,0.03536,0.763714,0.060971,0.008147,0.062027
gsm8k_orgn_vs_gpqa_orgn,k,27,8,1,8,0.580145,0.088024,0.602408,0.792142,0.046155,0.800926,0.055683,0.008306,0.05643
gsm8k_orgn_vs_gpqa_orgn,k,28,8,1,8,0.408611,0.048347,0.420008,0.711561,0.03172,0.713886,0.062584,0.007308,0.063344
gsm8k_orgn_vs_gpqa_orgn,k,29,8,1,8,0.482619,0.096964,0.454336,0.742806,0.047854,0.729846,0.052172,0.01044,0.050804
gsm8k_orgn_vs_gpqa_orgn,k,30,8,1,8,0.551387,0.109444,0.547978,0.769038,0.046223,0.75692,0.048092,0.009207,0.04467
gsm8k_orgn_vs_gpqa_orgn,k,31,8,1,8,0.489654,0.099258,0.495011,0.724285,0.066939,0.72398,0.053038,0.010219,0.052183
gsm8k_orgn_vs_gpqa_orgn,k,32,8,1,8,0.478594,0.072943,0.513524,0.720047,0.049405,0.722149,0.044904,0.008856,0.044042
gsm8k_orgn_vs_gpqa_orgn,k,33,8,1,8,0.434742,0.050075,0.426819,0.699025,0.033307,0.693232,0.04787,0.005942,0.048626
gsm8k_orgn_vs_gpqa_orgn,k,34,8,1,8,0.423318,0.105827,0.39425,0.716003,0.042068,0.71905,0.047032,0.006812,0.047791
gsm8k_orgn_vs_gpqa_orgn,k,35,8,1,8,0.425238,0.048408,0.415582,0.719203,0.030211,0.723866,0.041527,0.006644,0.039029
gsm8k_orgn_vs_gpqa_orgn,k,36,8,1,8,0.546826,0.101505,0.553446,0.757206,0.055579,0.746688,0.039719,0.008833,0.040804
gsm8k_orgn_vs_gpqa_orgn,k,37,8,1,8,0.501684,0.104129,0.483476,0.738938,0.066732,0.736264,0.037383,0.013846,0.032509
gsm8k_orgn_vs_gpqa_orgn,k,38,8,1,8,0.582266,0.144222,0.529932,0.779424,0.084028,0.761973,0.045294,0.013713,0.046376
gsm8k_orgn_vs_gpqa_orgn,k,39,8,1,8,0.71211,0.0494,0.702096,0.855157,0.031659,0.849103,0.052887,0.016544,0.048156
gsm8k_orgn_vs_gpqa_orgn,q,0,40,1,40,0.470936,0.100218,0.47664,0.778069,0.054689,0.773864,0.032007,0.008434,0.031097
gsm8k_orgn_vs_gpqa_orgn,q,1,40,1,40,0.578499,0.102224,0.56926,0.825677,0.0593,0.83205,0.046918,0.017921,0.043238
gsm8k_orgn_vs_gpqa_orgn,q,2,40,1,40,0.591099,0.106075,0.615765,0.797922,0.057176,0.815209,0.050822,0.016493,0.047241
gsm8k_orgn_vs_gpqa_orgn,q,3,40,1,40,0.483854,0.067576,0.484536,0.743953,0.040853,0.747296,0.045507,0.011865,0.041818
gsm8k_orgn_vs_gpqa_orgn,q,4,40,1,40,0.518995,0.074801,0.532681,0.763384,0.048382,0.768709,0.057691,0.022778,0.053
gsm8k_orgn_vs_gpqa_orgn,q,5,40,1,40,0.470911,0.109228,0.451049,0.74275,0.062931,0.733627,0.051313,0.021099,0.047911
gsm8k_orgn_vs_gpqa_orgn,q,6,40,1,40,0.533344,0.104152,0.536948,0.765789,0.058207,0.771144,0.056287,0.023492,0.04892
gsm8k_orgn_vs_gpqa_orgn,q,7,40,1,40,0.660717,0.096216,0.670572,0.812645,0.055387,0.822599,0.065904,0.025581,0.059532
gsm8k_orgn_vs_gpqa_orgn,q,8,40,1,40,0.674143,0.08993,0.692678,0.827106,0.058364,0.836175,0.065614,0.018067,0.067027
gsm8k_orgn_vs_gpqa_orgn,q,9,40,1,40,0.559462,0.12337,0.586643,0.770692,0.070052,0.768026,0.047469,0.013268,0.048122
gsm8k_orgn_vs_gpqa_orgn,q,10,40,1,40,0.667135,0.089661,0.698934,0.828276,0.056976,0.852212,0.065758,0.020737,0.069974
gsm8k_orgn_vs_gpqa_orgn,q,11,40,1,40,0.627048,0.094211,0.639487,0.796983,0.059638,0.808466,0.051787,0.013289,0.051173
gsm8k_orgn_vs_gpqa_orgn,q,12,40,1,40,0.482782,0.11323,0.459297,0.712894,0.064126,0.69561,0.055993,0.01332,0.055744
gsm8k_orgn_vs_gpqa_orgn,q,13,40,1,40,0.606674,0.137508,0.629992,0.793612,0.079335,0.802018,0.060182,0.015625,0.060438
gsm8k_orgn_vs_gpqa_orgn,q,14,40,1,40,0.55027,0.081381,0.545465,0.755023,0.063515,0.759395,0.065247,0.02197,0.061914
gsm8k_orgn_vs_gpqa_orgn,q,15,40,1,40,0.487736,0.07726,0.489382,0.717545,0.047468,0.719618,0.049286,0.012512,0.047032
gsm8k_orgn_vs_gpqa_orgn,q,16,40,1,40,0.494808,0.096443,0.493536,0.732586,0.067439,0.724146,0.056477,0.018216,0.052006
gsm8k_orgn_vs_gpqa_orgn,q,17,40,1,40,0.408097,0.100745,0.380576,0.686252,0.069338,0.671205,0.055717,0.020187,0.049871
gsm8k_orgn_vs_gpqa_orgn,q,18,40,1,40,0.463657,0.094717,0.451236,0.728691,0.055362,0.71616,0.046466,0.014933,0.043053
gsm8k_orgn_vs_gpqa_orgn,q,19,40,1,40,0.500857,0.111067,0.476882,0.723262,0.071084,0.703032,0.04708,0.009511,0.046342
gsm8k_orgn_vs_gpqa_orgn,q,20,40,1,40,0.499585,0.086703,0.503423,0.740103,0.057134,0.744611,0.044076,0.010214,0.044255
gsm8k_orgn_vs_gpqa_orgn,q,21,40,1,40,0.414353,0.064941,0.40465,0.672635,0.053574,0.662062,0.054879,0.011874,0.05476
gsm8k_orgn_vs_gpqa_orgn,q,22,40,1,40,0.450002,0.060328,0.454947,0.70327,0.03476,0.702224,0.052507,0.011213,0.051478
gsm8k_orgn_vs_gpqa_orgn,q,23,40,1,40,0.491708,0.066434,0.478035,0.716022,0.044705,0.714749,0.04743,0.007468,0.04564
gsm8k_orgn_vs_gpqa_orgn,q,24,40,1,40,0.507637,0.065746,0.489966,0.727371,0.045745,0.715329,0.04789,0.009661,0.046879
gsm8k_orgn_vs_gpqa_orgn,q,25,40,1,40,0.52116,0.056796,0.528114,0.73663,0.037017,0.730056,0.060815,0.016261,0.056974
gsm8k_orgn_vs_gpqa_orgn,q,26,40,1,40,0.511161,0.063343,0.507801,0.725722,0.040819,0.721291,0.054857,0.011963,0.051336
gsm8k_orgn_vs_gpqa_orgn,q,27,40,1,40,0.592093,0.071325,0.5883,0.781252,0.052573,0.783096,0.049591,0.011036,0.048285
gsm8k_orgn_vs_gpqa_orgn,q,28,40,1,40,0.487703,0.06054,0.477507,0.71731,0.040006,0.713976,0.049244,0.010604,0.048872
gsm8k_orgn_vs_gpqa_orgn,q,29,40,1,40,0.666336,0.142299,0.681646,0.8104,0.084798,0.821761,0.052719,0.01183,0.051601
gsm8k_orgn_vs_gpqa_orgn,q,30,40,1,40,0.657352,0.094931,0.686992,0.803266,0.060753,0.817742,0.063133,0.016552,0.063266
gsm8k_orgn_vs_gpqa_orgn,q,31,40,1,40,0.583259,0.095228,0.606415,0.763774,0.05655,0.773252,0.053802,0.012618,0.051498
gsm8k_orgn_vs_gpqa_orgn,q,32,40,1,40,0.647548,0.073352,0.631501,0.794699,0.052621,0.777537,0.059235,0.012353,0.059695
gsm8k_orgn_vs_gpqa_orgn,q,33,40,1,40,0.595935,0.048641,0.591125,0.76471,0.03276,0.767628,0.055194,0.011457,0.054095
gsm8k_orgn_vs_gpqa_orgn,q,34,40,1,40,0.532438,0.061063,0.531978,0.729331,0.039084,0.728013,0.051316,0.00762,0.050896
gsm8k_orgn_vs_gpqa_orgn,q,35,40,1,40,0.520123,0.040733,0.52009,0.723872,0.028571,0.7211,0.065771,0.011965,0.066777
gsm8k_orgn_vs_gpqa_orgn,q,36,40,1,40,0.631467,0.060894,0.623022,0.785254,0.042693,0.783539,0.052602,0.009458,0.05375
gsm8k_orgn_vs_gpqa_orgn,q,37,40,1,40,0.604051,0.055796,0.599564,0.784168,0.043472,0.781894,0.047776,0.015694,0.049387
gsm8k_orgn_vs_gpqa_orgn,q,38,40,1,40,0.659541,0.082533,0.656672,0.819922,0.04626,0.815277,0.053742,0.016853,0.053746
gsm8k_orgn_vs_gpqa_orgn,q,39,40,1,40,0.579813,0.079138,0.58539,0.774771,0.050115,0.772768,0.056115,0.012799,0.05364
gsm8k_orgn_vs_gpqa_orgn,v,0,8,1,8,0.129557,0.150397,0.06978,0.673477,0.053413,0.663519,0.013439,0.003664,0.013606
gsm8k_orgn_vs_gpqa_orgn,v,1,8,1,8,0.081232,0.109272,0.028808,0.634964,0.079729,0.608762,0.018888,0.005486,0.017252
gsm8k_orgn_vs_gpqa_orgn,v,2,8,1,8,0.026814,0.015981,0.02443,0.523354,0.046479,0.522029,0.015891,0.005127,0.01617
gsm8k_orgn_vs_gpqa_orgn,v,3,8,1,8,0.023884,0.015445,0.016416,0.481634,0.049919,0.455144,0.017984,0.006636,0.017027
gsm8k_orgn_vs_gpqa_orgn,v,4,8,1,8,0.045315,0.05756,0.02305,0.465824,0.087293,0.444042,0.017969,0.007657,0.017986
gsm8k_orgn_vs_gpqa_orgn,v,5,8,1,8,0.130091,0.134095,0.067634,0.565994,0.118624,0.55699,0.030547,0.010251,0.030621
gsm8k_orgn_vs_gpqa_orgn,v,6,8,1,8,0.039146,0.026151,0.035153,0.448508,0.091905,0.425911,0.022189,0.005792,0.023162
gsm8k_orgn_vs_gpqa_orgn,v,7,8,1,8,0.062659,0.035563,0.057121,0.415298,0.077946,0.431209,0.032576,0.019375,0.026246
gsm8k_orgn_vs_gpqa_orgn,v,8,8,1,8,0.060034,0.023715,0.058196,0.427869,0.078785,0.419326,0.047299,0.033095,0.035968
gsm8k_orgn_vs_gpqa_orgn,v,9,8,1,8,0.090557,0.068397,0.077278,0.501919,0.037359,0.502864,0.025909,0.009844,0.024746
gsm8k_orgn_vs_gpqa_orgn,v,10,8,1,8,0.046542,0.02783,0.051248,0.429665,0.057426,0.446709,0.020265,0.006065,0.018607
gsm8k_orgn_vs_gpqa_orgn,v,11,8,1,8,0.026046,0.00867,0.024,0.358292,0.040141,0.366152,0.021034,0.008857,0.016852
gsm8k_orgn_vs_gpqa_orgn,v,12,8,1,8,0.084775,0.070332,0.05913,0.414574,0.082259,0.384106,0.027124,0.007637,0.024901
gsm8k_orgn_vs_gpqa_orgn,v,13,8,1,8,0.047921,0.039925,0.033882,0.352208,0.068579,0.341169,0.033634,0.02355,0.027074
gsm8k_orgn_vs_gpqa_orgn,v,14,8,1,8,0.103594,0.126423,0.067038,0.426115,0.139911,0.391076,0.035429,0.020878,0.025944
gsm8k_orgn_vs_gpqa_orgn,v,15,8,1,8,0.075996,0.04525,0.062798,0.417567,0.064877,0.415792,0.031085,0.012558,0.031697
gsm8k_orgn_vs_gpqa_orgn,v,16,8,1,8,0.077455,0.025336,0.078152,0.419616,0.061769,0.402082,0.024373,0.007728,0.023484
gsm8k_orgn_vs_gpqa_orgn,v,17,8,1,8,0.078695,0.04528,0.066572,0.430032,0.056266,0.437535,0.032404,0.029091,0.01976
gsm8k_orgn_vs_gpqa_orgn,v,18,8,1,8,0.081953,0.051097,0.06677,0.431545,0.063377,0.43812,0.023192,0.009737,0.018984
gsm8k_orgn_vs_gpqa_orgn,v,19,8,1,8,0.064185,0.032482,0.07385,0.423471,0.063001,0.444557,0.016816,0.005702,0.014746
gsm8k_orgn_vs_gpqa_orgn,v,20,8,1,8,0.057181,0.035338,0.04996,0.388661,0.062149,0.378404,0.020603,0.005592,0.019247
gsm8k_orgn_vs_gpqa_orgn,v,21,8,1,8,0.088767,0.083124,0.065102,0.412224,0.085911,0.402494,0.027106,0.012939,0.025776
gsm8k_orgn_vs_gpqa_orgn,v,22,8,1,8,0.074496,0.045879,0.0772,0.419747,0.061206,0.430015,0.023296,0.008649,0.022148
gsm8k_orgn_vs_gpqa_orgn,v,23,8,1,8,0.052133,0.017604,0.050097,0.373854,0.039545,0.368008,0.01826,0.005688,0.016166
gsm8k_orgn_vs_gpqa_orgn,v,24,8,1,8,0.044575,0.02588,0.045997,0.363111,0.058138,0.359986,0.027935,0.024893,0.018496
gsm8k_orgn_vs_gpqa_orgn,v,25,8,1,8,0.068714,0.049505,0.06504,0.379169,0.06099,0.38993,0.030561,0.017253,0.02569
gsm8k_orgn_vs_gpqa_orgn,v,26,8,1,8,0.068421,0.052834,0.046209,0.389347,0.055802,0.393474,0.028248,0.007508,0.025738
gsm8k_orgn_vs_gpqa_orgn,v,27,8,1,8,0.065442,0.028482,0.064073,0.430314,0.062192,0.413906,0.027096,0.00726,0.025179
gsm8k_orgn_vs_gpqa_orgn,v,28,8,1,8,0.040047,0.014775,0.039763,0.40768,0.094024,0.39288,0.023196,0.009918,0.019533
gsm8k_orgn_vs_gpqa_orgn,v,29,8,1,8,0.0914,0.089585,0.057677,0.408747,0.062246,0.384242,0.04072,0.04892,0.023675
gsm8k_orgn_vs_gpqa_orgn,v,30,8,1,8,0.05716,0.053613,0.023936,0.383318,0.068602,0.393518,0.033097,0.01832,0.02828
gsm8k_orgn_vs_gpqa_orgn,v,31,8,1,8,0.076047,0.07235,0.045961,0.386289,0.089545,0.387376,0.033933,0.01877,0.032456
gsm8k_orgn_vs_gpqa_orgn,v,32,8,1,8,0.082384,0.071345,0.05358,0.400732,0.072224,0.42392,0.028373,0.021659,0.02299
gsm8k_orgn_vs_gpqa_orgn,v,33,8,1,8,0.03388,0.011388,0.031839,0.382255,0.060576,0.403336,0.022142,0.012766,0.015552
gsm8k_orgn_vs_gpqa_orgn,v,34,8,1,8,0.057975,0.047873,0.036063,0.405691,0.062702,0.40637,0.018809,0.011485,0.013092
gsm8k_orgn_vs_gpqa_orgn,v,35,8,1,8,0.042048,0.023314,0.030412,0.423283,0.03217,0.42604,0.015031,0.009559,0.010638
gsm8k_orgn_vs_gpqa_orgn,v,36,8,1,8,0.079736,0.083965,0.052398,0.38446,0.078538,0.384787,0.031687,0.011335,0.031443
gsm8k_orgn_vs_gpqa_orgn,v,37,8,1,8,0.092603,0.092337,0.050515,0.435491,0.068449,0.430126,0.029954,0.031281,0.016534
gsm8k_orgn_vs_gpqa_orgn,v,38,8,1,8,0.097122,0.105429,0.04077,0.412343,0.103099,0.367215,0.022238,0.009373,0.022056
gsm8k_orgn_vs_gpqa_orgn,v,39,8,1,8,0.100048,0.110362,0.044866,0.407727,0.121158,0.371174,0.03528,0.014168,0.031596
gsm8k_orgn_vs_gpqa_ver1,k,0,8,1,8,0.949633,0.061092,0.978024,0.979252,0.025967,0.991189,0.033551,0.01032,0.0369
gsm8k_orgn_vs_gpqa_ver1,k,1,8,1,8,0.689981,0.105426,0.693407,0.868714,0.051194,0.874474,0.047496,0.019311,0.046434
gsm8k_orgn_vs_gpqa_ver1,k,2,8,1,8,0.70696,0.128384,0.738471,0.851878,0.077386,0.880101,0.045814,0.015968,0.047944
gsm8k_orgn_vs_gpqa_ver1,k,3,8,1,8,0.450156,0.087935,0.442208,0.726263,0.04428,0.746693,0.049279,0.022968,0.041991
gsm8k_orgn_vs_gpqa_ver1,k,4,8,1,8,0.555672,0.07734,0.554433,0.776017,0.044351,0.780278,0.051147,0.017906,0.050741
gsm8k_orgn_vs_gpqa_ver1,k,5,8,1,8,0.536846,0.115592,0.538932,0.776301,0.077866,0.78322,0.046372,0.018908,0.042607
gsm8k_orgn_vs_gpqa_ver1,k,6,8,1,8,0.508029,0.110024,0.514503,0.752958,0.082789,0.746557,0.079644,0.047937,0.06217
gsm8k_orgn_vs_gpqa_ver1,k,7,8,1,8,0.723976,0.07267,0.738026,0.849464,0.043883,0.859096,0.054708,0.02529,0.048486
gsm8k_orgn_vs_gpqa_ver1,k,8,8,1,8,0.847896,0.061696,0.871474,0.919346,0.035994,0.928874,0.054735,0.022495,0.055924
gsm8k_orgn_vs_gpqa_ver1,k,9,8,1,8,0.55038,0.139186,0.583992,0.758368,0.089373,0.77482,0.038002,0.008858,0.041246
gsm8k_orgn_vs_gpqa_ver1,k,10,8,1,8,0.836279,0.106068,0.865076,0.912835,0.051209,0.922511,0.04732,0.011709,0.052419
gsm8k_orgn_vs_gpqa_ver1,k,11,8,1,8,0.628282,0.08569,0.652254,0.799577,0.049002,0.811722,0.050623,0.009365,0.049559
gsm8k_orgn_vs_gpqa_ver1,k,12,8,1,8,0.407002,0.14296,0.394763,0.673753,0.098424,0.662324,0.05349,0.00639,0.054738
gsm8k_orgn_vs_gpqa_ver1,k,13,8,1,8,0.454152,0.098693,0.458148,0.702284,0.074187,0.692756,0.06046,0.012977,0.064034
gsm8k_orgn_vs_gpqa_ver1,k,14,8,1,8,0.501535,0.13767,0.45236,0.73638,0.085389,0.723848,0.058926,0.016776,0.060803
gsm8k_orgn_vs_gpqa_ver1,k,15,8,1,8,0.536937,0.088448,0.545747,0.747287,0.055837,0.755894,0.055595,0.011149,0.055294
gsm8k_orgn_vs_gpqa_ver1,k,16,8,1,8,0.642425,0.079883,0.637904,0.81921,0.051894,0.8134,0.047836,0.010746,0.050825
gsm8k_orgn_vs_gpqa_ver1,k,17,8,1,8,0.476321,0.124248,0.453998,0.739018,0.076108,0.706984,0.048237,0.015017,0.04666
gsm8k_orgn_vs_gpqa_ver1,k,18,8,1,8,0.413258,0.10447,0.375693,0.692969,0.058079,0.673432,0.057663,0.010439,0.05872
gsm8k_orgn_vs_gpqa_ver1,k,19,8,1,8,0.441712,0.035048,0.447735,0.71608,0.022537,0.718224,0.053062,0.007981,0.051471
gsm8k_orgn_vs_gpqa_ver1,k,20,8,1,8,0.529,0.124668,0.519268,0.769595,0.062213,0.776497,0.054175,0.015464,0.058592
gsm8k_orgn_vs_gpqa_ver1,k,21,8,1,8,0.507894,0.113748,0.47451,0.773795,0.056094,0.771674,0.062374,0.010687,0.065707
gsm8k_orgn_vs_gpqa_ver1,k,22,8,1,8,0.508514,0.063725,0.488195,0.748274,0.036001,0.742507,0.060582,0.007387,0.058556
gsm8k_orgn_vs_gpqa_ver1,k,23,8,1,8,0.541363,0.089554,0.54296,0.781091,0.033862,0.78028,0.060265,0.010796,0.060581
gsm8k_orgn_vs_gpqa_ver1,k,24,8,1,8,0.502277,0.108659,0.482378,0.765614,0.043027,0.759968,0.065033,0.008322,0.062546
gsm8k_orgn_vs_gpqa_ver1,k,25,8,1,8,0.719566,0.086081,0.696625,0.864379,0.03992,0.853784,0.055309,0.01168,0.052993
gsm8k_orgn_vs_gpqa_ver1,k,26,8,1,8,0.50595,0.071072,0.48831,0.758444,0.035326,0.763134,0.064231,0.010242,0.066794
gsm8k_orgn_vs_gpqa_ver1,k,27,8,1,8,0.581379,0.090284,0.60181,0.788949,0.048734,0.798658,0.056126,0.009056,0.056786
gsm8k_orgn_vs_gpqa_ver1,k,28,8,1,8,0.422229,0.04991,0.433557,0.717317,0.029935,0.721843,0.05543,0.005958,0.055508
gsm8k_orgn_vs_gpqa_ver1,k,29,8,1,8,0.463812,0.098479,0.43296,0.723286,0.049492,0.711392,0.06264,0.016288,0.060901
gsm8k_orgn_vs_gpqa_ver1,k,30,8,1,8,0.551397,0.111766,0.553078,0.769127,0.048307,0.76328,0.051194,0.00933,0.047061
gsm8k_orgn_vs_gpqa_ver1,k,31,8,1,8,0.492931,0.098446,0.495774,0.723033,0.066973,0.720458,0.055265,0.01181,0.053836
gsm8k_orgn_vs_gpqa_ver1,k,32,8,1,8,0.465141,0.074565,0.497056,0.707615,0.051299,0.70495,0.052516,0.012792,0.048845
gsm8k_orgn_vs_gpqa_ver1,k,33,8,1,8,0.421838,0.054197,0.413475,0.692766,0.030117,0.687961,0.056132,0.007661,0.054029
gsm8k_orgn_vs_gpqa_ver1,k,34,8,1,8,0.415218,0.099739,0.386268,0.704179,0.03835,0.711456,0.052095,0.009095,0.049507
gsm8k_orgn_vs_gpqa_ver1,k,35,8,1,8,0.409402,0.049631,0.398642,0.700109,0.029949,0.707654,0.053173,0.011021,0.049754
gsm8k_orgn_vs_gpqa_ver1,k,36,8,1,8,0.540759,0.1063,0.549712,0.750692,0.062711,0.747879,0.051605,0.023066,0.048862
gsm8k_orgn_vs_gpqa_ver1,k,37,8,1,8,0.482969,0.102598,0.462976,0.717757,0.067232,0.716955,0.050816,0.025702,0.044801
gsm8k_orgn_vs_gpqa_ver1,k,38,8,1,8,0.563876,0.149638,0.5125,0.762306,0.090948,0.744545,0.056593,0.020565,0.054295
gsm8k_orgn_vs_gpqa_ver1,k,39,8,1,8,0.707068,0.050198,0.694948,0.845329,0.032577,0.835932,0.061004,0.017805,0.056704
gsm8k_orgn_vs_gpqa_ver1,q,0,40,1,40,0.460121,0.104489,0.47163,0.751792,0.056477,0.744269,0.039589,0.024438,0.03125
gsm8k_orgn_vs_gpqa_ver1,q,1,40,1,40,0.577896,0.103067,0.573425,0.816198,0.064692,0.817865,0.055509,0.027536,0.049442
gsm8k_orgn_vs_gpqa_ver1,q,2,40,1,40,0.595564,0.111592,0.624734,0.792321,0.066158,0.817793,0.056684,0.018609,0.051336
gsm8k_orgn_vs_gpqa_ver1,q,3,40,1,40,0.478097,0.07343,0.486022,0.724909,0.045766,0.727593,0.061065,0.025483,0.052516
gsm8k_orgn_vs_gpqa_ver1,q,4,40,1,40,0.51409,0.075108,0.531002,0.751596,0.05371,0.756569,0.062926,0.026805,0.059003
gsm8k_orgn_vs_gpqa_ver1,q,5,40,1,40,0.453504,0.109278,0.428113,0.721705,0.066136,0.710695,0.065813,0.027315,0.066141
gsm8k_orgn_vs_gpqa_ver1,q,6,40,1,40,0.533516,0.103479,0.535602,0.765585,0.057333,0.768685,0.056366,0.023227,0.050574
gsm8k_orgn_vs_gpqa_ver1,q,7,40,1,40,0.656839,0.097763,0.669754,0.804468,0.058812,0.816712,0.064407,0.026795,0.057438
gsm8k_orgn_vs_gpqa_ver1,q,8,40,1,40,0.675614,0.090211,0.690948,0.823711,0.062077,0.834637,0.063171,0.016671,0.062702
gsm8k_orgn_vs_gpqa_ver1,q,9,40,1,40,0.559555,0.124588,0.595168,0.768528,0.071417,0.769875,0.049075,0.013359,0.048942
gsm8k_orgn_vs_gpqa_ver1,q,10,40,1,40,0.660696,0.089321,0.695572,0.818977,0.059391,0.84232,0.072451,0.022049,0.075827
gsm8k_orgn_vs_gpqa_ver1,q,11,40,1,40,0.628964,0.095101,0.640207,0.794977,0.061126,0.807545,0.050119,0.012487,0.04928
gsm8k_orgn_vs_gpqa_ver1,q,12,40,1,40,0.482474,0.112666,0.459746,0.713127,0.063958,0.697166,0.052885,0.012642,0.051844
gsm8k_orgn_vs_gpqa_ver1,q,13,40,1,40,0.605139,0.136632,0.626594,0.791177,0.079456,0.802666,0.061026,0.015581,0.060384
gsm8k_orgn_vs_gpqa_ver1,q,14,40,1,40,0.554531,0.081495,0.548901,0.760701,0.064269,0.76726,0.062777,0.020907,0.058777
gsm8k_orgn_vs_gpqa_ver1,q,15,40,1,40,0.485648,0.078012,0.48335,0.713463,0.048733,0.7118,0.053178,0.013481,0.051679
gsm8k_orgn_vs_gpqa_ver1,q,16,40,1,40,0.495003,0.096964,0.491116,0.731318,0.069187,0.71796,0.056455,0.017949,0.052105
gsm8k_orgn_vs_gpqa_ver1,q,17,40,1,40,0.415933,0.101613,0.384834,0.697019,0.068574,0.682846,0.048236,0.017245,0.041856
gsm8k_orgn_vs_gpqa_ver1,q,18,40,1,40,0.459713,0.095417,0.44627,0.724027,0.057285,0.709225,0.049215,0.014465,0.045135
gsm8k_orgn_vs_gpqa_ver1,q,19,40,1,40,0.494883,0.111562,0.472276,0.713809,0.073614,0.699092,0.058045,0.011276,0.05889
gsm8k_orgn_vs_gpqa_ver1,q,20,40,1,40,0.493524,0.086885,0.494701,0.736801,0.056658,0.737366,0.048337,0.010808,0.048578
gsm8k_orgn_vs_gpqa_ver1,q,21,40,1,40,0.412726,0.065225,0.403585,0.670187,0.053895,0.659396,0.053957,0.010767,0.052628
gsm8k_orgn_vs_gpqa_ver1,q,22,40,1,40,0.448532,0.061379,0.452932,0.70197,0.035515,0.700058,0.060543,0.012584,0.059094
gsm8k_orgn_vs_gpqa_ver1,q,23,40,1,40,0.47905,0.066605,0.465091,0.704037,0.044019,0.703902,0.058065,0.00915,0.055945
gsm8k_orgn_vs_gpqa_ver1,q,24,40,1,40,0.497544,0.064629,0.476901,0.720211,0.045048,0.708654,0.053993,0.010457,0.053124
gsm8k_orgn_vs_gpqa_ver1,q,25,40,1,40,0.519793,0.056898,0.524328,0.733706,0.037988,0.727461,0.058511,0.01579,0.054754
gsm8k_orgn_vs_gpqa_ver1,q,26,40,1,40,0.506302,0.062828,0.508868,0.718952,0.040663,0.713856,0.061995,0.013902,0.057447
gsm8k_orgn_vs_gpqa_ver1,q,27,40,1,40,0.583806,0.072427,0.579792,0.773425,0.054524,0.775352,0.063021,0.014181,0.061707
gsm8k_orgn_vs_gpqa_ver1,q,28,40,1,40,0.482664,0.062702,0.47282,0.708386,0.040939,0.702796,0.056943,0.01175,0.055481
gsm8k_orgn_vs_gpqa_ver1,q,29,40,1,40,0.663204,0.144098,0.678708,0.804117,0.087007,0.81282,0.056271,0.013011,0.05493
gsm8k_orgn_vs_gpqa_ver1,q,30,40,1,40,0.661369,0.097016,0.690352,0.805541,0.062085,0.821874,0.061225,0.014814,0.060378
gsm8k_orgn_vs_gpqa_ver1,q,31,40,1,40,0.578354,0.093854,0.602838,0.759192,0.056725,0.769581,0.062606,0.016005,0.05902
gsm8k_orgn_vs_gpqa_ver1,q,32,40,1,40,0.645999,0.07383,0.625615,0.788869,0.053923,0.77216,0.068559,0.020094,0.065342
gsm8k_orgn_vs_gpqa_ver1,q,33,40,1,40,0.592486,0.050254,0.580918,0.753445,0.03522,0.753389,0.061555,0.011172,0.06041
gsm8k_orgn_vs_gpqa_ver1,q,34,40,1,40,0.517227,0.058912,0.516615,0.709566,0.041819,0.709093,0.066634,0.010224,0.0663
gsm8k_orgn_vs_gpqa_ver1,q,35,40,1,40,0.513833,0.038027,0.513152,0.712596,0.026785,0.709526,0.071337,0.015937,0.07032
gsm8k_orgn_vs_gpqa_ver1,q,36,40,1,40,0.627211,0.063262,0.621311,0.775759,0.047988,0.772518,0.067243,0.029414,0.065129
gsm8k_orgn_vs_gpqa_ver1,q,37,40,1,40,0.592807,0.05973,0.581346,0.766803,0.050979,0.763231,0.067124,0.024895,0.065586
gsm8k_orgn_vs_gpqa_ver1,q,38,40,1,40,0.651796,0.082253,0.64885,0.80723,0.048465,0.80045,0.077481,0.030365,0.072017
gsm8k_orgn_vs_gpqa_ver1,q,39,40,1,40,0.569784,0.080483,0.576979,0.753762,0.05347,0.748352,0.081847,0.023386,0.072688
gsm8k_orgn_vs_gpqa_ver1,v,0,8,1,8,0.115518,0.145465,0.06398,0.580393,0.078503,0.548058,0.020779,0.011678,0.01701
gsm8k_orgn_vs_gpqa_ver1,v,1,8,1,8,0.086932,0.111735,0.040641,0.560905,0.100729,0.544638,0.022885,0.009228,0.022762
gsm8k_orgn_vs_gpqa_ver1,v,2,8,1,8,0.024248,0.015232,0.020122,0.427298,0.053029,0.419619,0.018834,0.006306,0.017714
gsm8k_orgn_vs_gpqa_ver1,v,3,8,1,8,0.02138,0.016591,0.01357,0.426471,0.060803,0.400008,0.020642,0.007208,0.020384
gsm8k_orgn_vs_gpqa_ver1,v,4,8,1,8,0.043769,0.057443,0.023338,0.430648,0.092299,0.396016,0.020112,0.00825,0.020218
gsm8k_orgn_vs_gpqa_ver1,v,5,8,1,8,0.125174,0.130098,0.070775,0.527278,0.123913,0.502425,0.035436,0.014384,0.035504
gsm8k_orgn_vs_gpqa_ver1,v,6,8,1,8,0.037346,0.025839,0.032862,0.419913,0.088408,0.39266,0.024969,0.007967,0.024742
gsm8k_orgn_vs_gpqa_ver1,v,7,8,1,8,0.060967,0.033714,0.061139,0.379497,0.057726,0.391012,0.035138,0.01819,0.028432
gsm8k_orgn_vs_gpqa_ver1,v,8,8,1,8,0.062284,0.023254,0.058794,0.415045,0.061483,0.404048,0.045672,0.031542,0.034888
gsm8k_orgn_vs_gpqa_ver1,v,9,8,1,8,0.089976,0.066261,0.076428,0.468813,0.042836,0.458746,0.025856,0.008937,0.024793
gsm8k_orgn_vs_gpqa_ver1,v,10,8,1,8,0.043086,0.027247,0.046718,0.402476,0.054363,0.416827,0.022698,0.007586,0.020073
gsm8k_orgn_vs_gpqa_ver1,v,11,8,1,8,0.025099,0.007726,0.024284,0.347961,0.030169,0.35891,0.020701,0.008091,0.016403
gsm8k_orgn_vs_gpqa_ver1,v,12,8,1,8,0.083624,0.07398,0.053439,0.406962,0.080535,0.37447,0.026845,0.008522,0.024288
gsm8k_orgn_vs_gpqa_ver1,v,13,8,1,8,0.047338,0.040487,0.032117,0.346947,0.065929,0.332154,0.034351,0.02407,0.026474
gsm8k_orgn_vs_gpqa_ver1,v,14,8,1,8,0.102724,0.124819,0.0662,0.419358,0.136477,0.380057,0.037966,0.020253,0.028817
gsm8k_orgn_vs_gpqa_ver1,v,15,8,1,8,0.074544,0.044003,0.063861,0.414392,0.06651,0.412552,0.031534,0.013143,0.031942
gsm8k_orgn_vs_gpqa_ver1,v,16,8,1,8,0.075181,0.025632,0.074378,0.410035,0.055866,0.400968,0.027048,0.006752,0.026264
gsm8k_orgn_vs_gpqa_ver1,v,17,8,1,8,0.075442,0.042815,0.066124,0.42916,0.053098,0.434029,0.03441,0.029412,0.021208
gsm8k_orgn_vs_gpqa_ver1,v,18,8,1,8,0.080512,0.049866,0.068888,0.425409,0.064983,0.425586,0.025546,0.009295,0.023094
gsm8k_orgn_vs_gpqa_ver1,v,19,8,1,8,0.064897,0.03269,0.075282,0.413626,0.059034,0.430879,0.018163,0.006052,0.016259
gsm8k_orgn_vs_gpqa_ver1,v,20,8,1,8,0.058107,0.036411,0.052424,0.379823,0.058733,0.371722,0.020898,0.006181,0.019626
gsm8k_orgn_vs_gpqa_ver1,v,21,8,1,8,0.08989,0.083226,0.068096,0.408607,0.082065,0.40028,0.027313,0.012947,0.025848
gsm8k_orgn_vs_gpqa_ver1,v,22,8,1,8,0.070361,0.042168,0.074035,0.408308,0.05832,0.4074,0.02711,0.010686,0.025086
gsm8k_orgn_vs_gpqa_ver1,v,23,8,1,8,0.05082,0.01483,0.050348,0.366945,0.038905,0.361886,0.02006,0.006475,0.018728
gsm8k_orgn_vs_gpqa_ver1,v,24,8,1,8,0.044906,0.025706,0.044288,0.358565,0.057914,0.354249,0.028931,0.025021,0.018464
gsm8k_orgn_vs_gpqa_ver1,v,25,8,1,8,0.064699,0.048361,0.055672,0.368109,0.060898,0.384078,0.03422,0.02112,0.028405
gsm8k_orgn_vs_gpqa_ver1,v,26,8,1,8,0.064463,0.047077,0.0477,0.367627,0.047487,0.384316,0.030399,0.010777,0.027326
gsm8k_orgn_vs_gpqa_ver1,v,27,8,1,8,0.065085,0.027596,0.060962,0.416578,0.053881,0.403029,0.028865,0.007423,0.027749
gsm8k_orgn_vs_gpqa_ver1,v,28,8,1,8,0.038919,0.016006,0.034984,0.373443,0.05866,0.366391,0.024607,0.009304,0.023112
gsm8k_orgn_vs_gpqa_ver1,v,29,8,1,8,0.086242,0.082112,0.057397,0.388276,0.057456,0.36035,0.050892,0.066182,0.027641
gsm8k_orgn_vs_gpqa_ver1,v,30,8,1,8,0.05734,0.054935,0.025237,0.365208,0.056215,0.38585,0.033602,0.020017,0.031494
gsm8k_orgn_vs_gpqa_ver1,v,31,8,1,8,0.071071,0.066057,0.04323,0.359203,0.07561,0.345702,0.035755,0.018704,0.032755
gsm8k_orgn_vs_gpqa_ver1,v,32,8,1,8,0.076606,0.068174,0.045032,0.374886,0.068159,0.387285,0.032908,0.02531,0.026489
gsm8k_orgn_vs_gpqa_ver1,v,33,8,1,8,0.03134,0.010499,0.02928,0.363634,0.042956,0.367209,0.025465,0.013296,0.019547
gsm8k_orgn_vs_gpqa_ver1,v,34,8,1,8,0.04753,0.038614,0.033257,0.36103,0.039307,0.363545,0.025955,0.021101,0.015394
gsm8k_orgn_vs_gpqa_ver1,v,35,8,1,8,0.034106,0.016185,0.024572,0.369809,0.034918,0.381618,0.024234,0.022626,0.013004
gsm8k_orgn_vs_gpqa_ver1,v,36,8,1,8,0.073919,0.08529,0.049815,0.358288,0.079435,0.336251,0.037377,0.017085,0.039193
gsm8k_orgn_vs_gpqa_ver1,v,37,8,1,8,0.078407,0.081941,0.044549,0.38497,0.063374,0.369176,0.048732,0.061878,0.023747
gsm8k_orgn_vs_gpqa_ver1,v,38,8,1,8,0.084733,0.099837,0.035716,0.380618,0.097332,0.345166,0.030392,0.011233,0.031094
gsm8k_orgn_vs_gpqa_ver1,v,39,8,1,8,0.090486,0.102657,0.040548,0.368057,0.107829,0.33218,0.044725,0.024263,0.036854
gsm8k_orgn_vs_gsm8k_ver1,k,0,8,1,8,0.952867,0.057033,0.979828,0.982816,0.021077,0.992679,0.026482,0.011423,0.025442
gsm8k_orgn_vs_gsm8k_ver1,k,1,8,1,8,0.709339,0.107609,0.719107,0.895732,0.053473,0.899129,0.024836,0.024524,0.016217
gsm8k_orgn_vs_gsm8k_ver1,k,2,8,1,8,0.727389,0.102839,0.750832,0.883417,0.062841,0.910271,0.019378,0.016423,0.01281
gsm8k_orgn_vs_gsm8k_ver1,k,3,8,1,8,0.509424,0.098117,0.494421,0.801426,0.049322,0.82603,0.025399,0.037931,0.010246
gsm8k_orgn_vs_gsm8k_ver1,k,4,8,1,8,0.594223,0.087072,0.584674,0.827386,0.042933,0.837444,0.015443,0.006354,0.013119
gsm8k_orgn_vs_gsm8k_ver1,k,5,8,1,8,0.582826,0.1238,0.57741,0.833969,0.07388,0.809002,0.010112,0.001593,0.010356
gsm8k_orgn_vs_gsm8k_ver1,k,6,8,1,8,0.59173,0.122915,0.586584,0.837778,0.066025,0.835972,0.013604,0.006519,0.011186
gsm8k_orgn_vs_gsm8k_ver1,k,7,8,1,8,0.744006,0.071466,0.76686,0.88675,0.033894,0.898454,0.020129,0.017588,0.0144
gsm8k_orgn_vs_gsm8k_ver1,k,8,8,1,8,0.86381,0.050366,0.871938,0.941499,0.025178,0.940078,0.018788,0.005029,0.017838
gsm8k_orgn_vs_gsm8k_ver1,k,9,8,1,8,0.585112,0.133899,0.616976,0.817497,0.07832,0.836838,0.008776,0.002614,0.008335
gsm8k_orgn_vs_gsm8k_ver1,k,10,8,1,8,0.853181,0.084379,0.871388,0.938326,0.033758,0.943555,0.011208,0.006222,0.008381
gsm8k_orgn_vs_gsm8k_ver1,k,11,8,1,8,0.665483,0.083503,0.69248,0.857934,0.043322,0.872381,0.010624,0.002906,0.010084
gsm8k_orgn_vs_gsm8k_ver1,k,12,8,1,8,0.481133,0.128431,0.478266,0.769456,0.069099,0.76484,0.006947,0.000792,0.007231
gsm8k_orgn_vs_gsm8k_ver1,k,13,8,1,8,0.536717,0.099721,0.532186,0.797542,0.054061,0.796366,0.007978,0.002919,0.006812
gsm8k_orgn_vs_gsm8k_ver1,k,14,8,1,8,0.56279,0.137343,0.526788,0.813614,0.067955,0.813066,0.007586,0.00203,0.007062
gsm8k_orgn_vs_gsm8k_ver1,k,15,8,1,8,0.602406,0.086508,0.606216,0.831797,0.042681,0.831194,0.008623,0.003774,0.007567
gsm8k_orgn_vs_gsm8k_ver1,k,16,8,1,8,0.690837,0.069464,0.689194,0.877521,0.033085,0.87139,0.006844,0.001347,0.00639
gsm8k_orgn_vs_gsm8k_ver1,k,17,8,1,8,0.543635,0.123028,0.519163,0.815867,0.062802,0.784869,0.007549,0.002884,0.006341
gsm8k_orgn_vs_gsm8k_ver1,k,18,8,1,8,0.500264,0.094575,0.483494,0.795452,0.043092,0.797722,0.009437,0.006089,0.006586
gsm8k_orgn_vs_gsm8k_ver1,k,19,8,1,8,0.52957,0.031269,0.538777,0.815658,0.016296,0.823869,0.007881,0.001158,0.007924
gsm8k_orgn_vs_gsm8k_ver1,k,20,8,1,8,0.599494,0.111488,0.590042,0.839091,0.047904,0.850204,0.008745,0.003767,0.007227
gsm8k_orgn_vs_gsm8k_ver1,k,21,8,1,8,0.598648,0.100713,0.583722,0.847122,0.040655,0.852472,0.011176,0.002524,0.010728
gsm8k_orgn_vs_gsm8k_ver1,k,22,8,1,8,0.591536,0.052361,0.578569,0.839272,0.027499,0.83767,0.007351,0.001882,0.007299
gsm8k_orgn_vs_gsm8k_ver1,k,23,8,1,8,0.621272,0.074035,0.624468,0.849489,0.02078,0.852246,0.009743,0.005307,0.00771
gsm8k_orgn_vs_gsm8k_ver1,k,24,8,1,8,0.609138,0.086588,0.598399,0.853685,0.024736,0.850477,0.006375,0.002392,0.005255
gsm8k_orgn_vs_gsm8k_ver1,k,25,8,1,8,0.764964,0.073969,0.758145,0.913202,0.025934,0.91339,0.008373,0.00493,0.006691
gsm8k_orgn_vs_gsm8k_ver1,k,26,8,1,8,0.602444,0.065504,0.602493,0.845359,0.031268,0.845744,0.009599,0.006507,0.007435
gsm8k_orgn_vs_gsm8k_ver1,k,27,8,1,8,0.652028,0.075005,0.667522,0.865472,0.030848,0.87284,0.008296,0.001373,0.007753
gsm8k_orgn_vs_gsm8k_ver1,k,28,8,1,8,0.525915,0.055016,0.540608,0.816029,0.027189,0.824536,0.007674,0.002336,0.007184
gsm8k_orgn_vs_gsm8k_ver1,k,29,8,1,8,0.554953,0.086727,0.539865,0.811152,0.043881,0.809704,0.017168,0.011758,0.011566
gsm8k_orgn_vs_gsm8k_ver1,k,30,8,1,8,0.609399,0.09194,0.612636,0.833384,0.029357,0.832828,0.015116,0.005523,0.01325
gsm8k_orgn_vs_gsm8k_ver1,k,31,8,1,8,0.564072,0.084131,0.562831,0.80187,0.053405,0.807347,0.013808,0.006485,0.01014
gsm8k_orgn_vs_gsm8k_ver1,k,32,8,1,8,0.530151,0.064847,0.559586,0.778807,0.043952,0.768336,0.021843,0.016865,0.013549
gsm8k_orgn_vs_gsm8k_ver1,k,33,8,1,8,0.510465,0.047439,0.499026,0.778132,0.023231,0.779456,0.021191,0.010637,0.021381
gsm8k_orgn_vs_gsm8k_ver1,k,34,8,1,8,0.492245,0.084571,0.47608,0.778236,0.021295,0.781568,0.021224,0.013616,0.013726
gsm8k_orgn_vs_gsm8k_ver1,k,35,8,1,8,0.496426,0.054824,0.493039,0.779426,0.03639,0.790454,0.025332,0.019636,0.014764
gsm8k_orgn_vs_gsm8k_ver1,k,36,8,1,8,0.594004,0.0859,0.604441,0.799335,0.052457,0.802128,0.038094,0.040244,0.021284
gsm8k_orgn_vs_gsm8k_ver1,k,37,8,1,8,0.540652,0.101441,0.519694,0.780765,0.06101,0.790388,0.035066,0.034838,0.017326
gsm8k_orgn_vs_gsm8k_ver1,k,38,8,1,8,0.611159,0.139969,0.566952,0.8116,0.078272,0.802186,0.036579,0.021205,0.024467
gsm8k_orgn_vs_gsm8k_ver1,k,39,8,1,8,0.741456,0.048753,0.731238,0.878023,0.0296,0.866992,0.032412,0.007114,0.03218
gsm8k_orgn_vs_gsm8k_ver1,q,0,40,1,40,0.488798,0.113193,0.505006,0.781219,0.055728,0.771494,0.031737,0.044484,0.016662
gsm8k_orgn_vs_gsm8k_ver1,q,1,40,1,40,0.615937,0.106416,0.610496,0.857258,0.062024,0.861924,0.031179,0.038706,0.022062
gsm8k_orgn_vs_gsm8k_ver1,q,2,40,1,40,0.640312,0.106182,0.677633,0.831191,0.05998,0.844189,0.025885,0.02527,0.01545
gsm8k_orgn_vs_gsm8k_ver1,q,3,40,1,40,0.524875,0.080466,0.537871,0.789664,0.047488,0.795354,0.030014,0.048367,0.016393
gsm8k_orgn_vs_gsm8k_ver1,q,4,40,1,40,0.569434,0.081362,0.572532,0.817623,0.046665,0.820152,0.022234,0.01489,0.017956
gsm8k_orgn_vs_gsm8k_ver1,q,5,40,1,40,0.526256,0.112931,0.517743,0.802984,0.058891,0.801405,0.018336,0.01911,0.01177
gsm8k_orgn_vs_gsm8k_ver1,q,6,40,1,40,0.582929,0.105631,0.606038,0.830428,0.049333,0.833837,0.016173,0.011329,0.012162
gsm8k_orgn_vs_gsm8k_ver1,q,7,40,1,40,0.69529,0.092719,0.719718,0.849196,0.0484,0.856952,0.020337,0.015334,0.015877
gsm8k_orgn_vs_gsm8k_ver1,q,8,40,1,40,0.711318,0.091655,0.727494,0.862834,0.055134,0.872404,0.018296,0.012069,0.014
gsm8k_orgn_vs_gsm8k_ver1,q,9,40,1,40,0.599654,0.119611,0.626542,0.831175,0.055478,0.834362,0.010585,0.003969,0.009863
gsm8k_orgn_vs_gsm8k_ver1,q,10,40,1,40,0.713821,0.097214,0.748632,0.868916,0.052095,0.888592,0.010507,0.004529,0.008999
gsm8k_orgn_vs_gsm8k_ver1,q,11,40,1,40,0.676331,0.091651,0.699109,0.848943,0.049443,0.860326,0.010149,0.002902,0.009337
gsm8k_orgn_vs_gsm8k_ver1,q,12,40,1,40,0.543947,0.107882,0.534552,0.7947,0.05158,0.786692,0.007042,0.001817,0.006942
gsm8k_orgn_vs_gsm8k_ver1,q,13,40,1,40,0.654429,0.123436,0.66905,0.84978,0.060258,0.855531,0.008529,0.003185,0.007305
gsm8k_orgn_vs_gsm8k_ver1,q,14,40,1,40,0.611786,0.080788,0.598922,0.826917,0.053996,0.826897,0.008857,0.002367,0.008206
gsm8k_orgn_vs_gsm8k_ver1,q,15,40,1,40,0.543294,0.075074,0.534608,0.795086,0.036759,0.795772,0.0092,0.004025,0.008123
gsm8k_orgn_vs_gsm8k_ver1,q,16,40,1,40,0.557265,0.101622,0.555792,0.816653,0.051831,0.813376,0.006612,0.001952,0.006202
gsm8k_orgn_vs_gsm8k_ver1,q,17,40,1,40,0.478889,0.105944,0.44871,0.778366,0.057451,0.77036,0.007775,0.002975,0.006694
gsm8k_orgn_vs_gsm8k_ver1,q,18,40,1,40,0.519816,0.095383,0.50479,0.79888,0.047891,0.79265,0.009496,0.004841,0.007512
gsm8k_orgn_vs_gsm8k_ver1,q,19,40,1,40,0.551877,0.107096,0.528816,0.800042,0.053923,0.782762,0.007472,0.001054,0.007162
gsm8k_orgn_vs_gsm8k_ver1,q,20,40,1,40,0.554263,0.084487,0.548213,0.808551,0.047386,0.81024,0.008667,0.002752,0.007672
gsm8k_orgn_vs_gsm8k_ver1,q,21,40,1,40,0.489852,0.067845,0.486958,0.762099,0.046782,0.753079,0.007909,0.003459,0.007038
gsm8k_orgn_vs_gsm8k_ver1,q,22,40,1,40,0.521885,0.063306,0.529925,0.787512,0.029045,0.789742,0.009049,0.002849,0.008606
gsm8k_orgn_vs_gsm8k_ver1,q,23,40,1,40,0.552227,0.065218,0.547572,0.788417,0.031956,0.789556,0.010172,0.007151,0.008046
gsm8k_orgn_vs_gsm8k_ver1,q,24,40,1,40,0.574316,0.063934,0.563165,0.799663,0.034145,0.794649,0.009299,0.003574,0.008141
gsm8k_orgn_vs_gsm8k_ver1,q,25,40,1,40,0.591319,0.062105,0.596615,0.8079,0.030952,0.802128,0.010434,0.01176,0.007596
gsm8k_orgn_vs_gsm8k_ver1,q,26,40,1,40,0.58149,0.064617,0.582484,0.79833,0.031943,0.797697,0.012788,0.010153,0.009118
gsm8k_orgn_vs_gsm8k_ver1,q,27,40,1,40,0.646403,0.064841,0.64073,0.838552,0.041772,0.839654,0.010435,0.00254,0.010056
gsm8k_orgn_vs_gsm8k_ver1,q,28,40,1,40,0.556115,0.062253,0.55838,0.792106,0.032742,0.792136,0.010461,0.002337,0.009556
gsm8k_orgn_vs_gsm8k_ver1,q,29,40,1,40,0.708454,0.12528,0.737208,0.853458,0.064987,0.862406,0.014756,0.00912,0.011556
gsm8k_orgn_vs_gsm8k_ver1,q,30,40,1,40,0.704103,0.089115,0.728007,0.8493,0.051637,0.861241,0.015224,0.007172,0.012836
gsm8k_orgn_vs_gsm8k_ver1,q,31,40,1,40,0.633857,0.090382,0.655177,0.818161,0.04683,0.821808,0.017673,0.008222,0.01431
gsm8k_orgn_vs_gsm8k_ver1,q,32,40,1,40,0.683122,0.066363,0.663289,0.830994,0.045828,0.81806,0.02891,0.023514,0.019829
gsm8k_orgn_vs_gsm8k_ver1,q,33,40,1,40,0.636996,0.052483,0.627451,0.806069,0.031741,0.803595,0.025775,0.014957,0.021152
gsm8k_orgn_vs_gsm8k_ver1,q,34,40,1,40,0.5771,0.057362,0.578331,0.768458,0.038207,0.76377,0.030903,0.018259,0.02322
gsm8k_orgn_vs_gsm8k_ver1,q,35,40,1,40,0.569669,0.042737,0.568781,0.771478,0.028194,0.772284,0.031134,0.016568,0.023357
gsm8k_orgn_vs_gsm8k_ver1,q,36,40,1,40,0.658,0.062049,0.654038,0.812473,0.046777,0.812561,0.039955,0.040481,0.025936
gsm8k_orgn_vs_gsm8k_ver1,q,37,40,1,40,0.634339,0.060159,0.629096,0.807231,0.050561,0.809912,0.042064,0.034707,0.027452
gsm8k_orgn_vs_gsm8k_ver1,q,38,40,1,40,0.697469,0.072147,0.681342,0.844632,0.041641,0.843085,0.053555,0.038346,0.041704
gsm8k_orgn_vs_gsm8k_ver1,q,39,40,1,40,0.621342,0.073762,0.622612,0.799476,0.052021,0.799142,0.061253,0.032178,0.04878
gsm8k_orgn_vs_gsm8k_ver1,v,0,8,1,8,0.093323,0.124241,0.045934,0.541244,0.072164,0.509418,0.0258,0.011151,0.021222
gsm8k_orgn_vs_gsm8k_ver1,v,1,8,1,8,0.098999,0.110501,0.058893,0.587799,0.096555,0.569227,0.028236,0.014045,0.020548
gsm8k_orgn_vs_gsm8k_ver1,v,2,8,1,8,0.038616,0.022168,0.03608,0.50916,0.056027,0.509711,0.013434,0.004699,0.012874
gsm8k_orgn_vs_gsm8k_ver1,v,3,8,1,8,0.038587,0.028445,0.025485,0.507006,0.073636,0.502972,0.015775,0.012243,0.011758
gsm8k_orgn_vs_gsm8k_ver1,v,4,8,1,8,0.062433,0.069585,0.042717,0.513281,0.083212,0.479234,0.01793,0.004054,0.01816
gsm8k_orgn_vs_gsm8k_ver1,v,5,8,1,8,0.168276,0.151618,0.10287,0.629188,0.100682,0.584994,0.016387,0.007226,0.01517
gsm8k_orgn_vs_gsm8k_ver1,v,6,8,1,8,0.074691,0.039385,0.0682,0.542971,0.07425,0.545227,0.013023,0.004159,0.012762
gsm8k_orgn_vs_gsm8k_ver1,v,7,8,1,8,0.101617,0.051856,0.093918,0.513599,0.071194,0.532518,0.028875,0.026174,0.017469
gsm8k_orgn_vs_gsm8k_ver1,v,8,8,1,8,0.126335,0.057147,0.105545,0.559791,0.029595,0.558772,0.019566,0.009669,0.01875
gsm8k_orgn_vs_gsm8k_ver1,v,9,8,1,8,0.119457,0.079981,0.105693,0.578527,0.040141,0.575476,0.013298,0.002171,0.012977
gsm8k_orgn_vs_gsm8k_ver1,v,10,8,1,8,0.064067,0.031906,0.071777,0.529139,0.063923,0.545824,0.010439,0.002509,0.009625
gsm8k_orgn_vs_gsm8k_ver1,v,11,8,1,8,0.048316,0.018155,0.051655,0.475909,0.024919,0.479881,0.009054,0.001106,0.009172
gsm8k_orgn_vs_gsm8k_ver1,v,12,8,1,8,0.123595,0.079787,0.102521,0.542067,0.065582,0.519356,0.00776,0.001131,0.007834
gsm8k_orgn_vs_gsm8k_ver1,v,13,8,1,8,0.090429,0.0547,0.080436,0.490972,0.078745,0.482668,0.008237,0.003036,0.007295
gsm8k_orgn_vs_gsm8k_ver1,v,14,8,1,8,0.155469,0.13198,0.092763,0.565984,0.105474,0.530158,0.010913,0.005166,0.009141
gsm8k_orgn_vs_gsm8k_ver1,v,15,8,1,8,0.115612,0.055031,0.098829,0.579503,0.033935,0.573108,0.011084,0.005233,0.008576
gsm8k_orgn_vs_gsm8k_ver1,v,16,8,1,8,0.119783,0.036626,0.114536,0.548417,0.054837,0.562623,0.006631,0.001553,0.005822
gsm8k_orgn_vs_gsm8k_ver1,v,17,8,1,8,0.124375,0.068027,0.126874,0.580519,0.036079,0.565945,0.009945,0.006338,0.006068
gsm8k_orgn_vs_gsm8k_ver1,v,18,8,1,8,0.113936,0.064932,0.105047,0.543037,0.080216,0.53112,0.011938,0.009726,0.007391
gsm8k_orgn_vs_gsm8k_ver1,v,19,8,1,8,0.084915,0.041516,0.07991,0.532048,0.059005,0.523961,0.007782,0.001661,0.006919
gsm8k_orgn_vs_gsm8k_ver1,v,20,8,1,8,0.084111,0.04222,0.06756,0.500952,0.053749,0.496448,0.007271,0.001929,0.006773
gsm8k_orgn_vs_gsm8k_ver1,v,21,8,1,8,0.134997,0.102604,0.101519,0.548923,0.074503,0.552922,0.007961,0.00376,0.00666
gsm8k_orgn_vs_gsm8k_ver1,v,22,8,1,8,0.109989,0.057942,0.107055,0.543362,0.048246,0.533718,0.008571,0.006981,0.005631
gsm8k_orgn_vs_gsm8k_ver1,v,23,8,1,8,0.075555,0.025255,0.07078,0.492644,0.058304,0.505362,0.008469,0.005107,0.006185
gsm8k_orgn_vs_gsm8k_ver1,v,24,8,1,8,0.082549,0.035112,0.077153,0.517003,0.064397,0.526754,0.006716,0.001425,0.006295
gsm8k_orgn_vs_gsm8k_ver1,v,25,8,1,8,0.108785,0.066933,0.094869,0.521187,0.071566,0.540828,0.010942,0.011726,0.006582
gsm8k_orgn_vs_gsm8k_ver1,v,26,8,1,8,0.102761,0.046604,0.085672,0.525402,0.048069,0.537087,0.01448,0.018418,0.007688
gsm8k_orgn_vs_gsm8k_ver1,v,27,8,1,8,0.098572,0.03288,0.102165,0.554881,0.051135,0.559298,0.009732,0.002879,0.008547
gsm8k_orgn_vs_gsm8k_ver1,v,28,8,1,8,0.067987,0.029059,0.062305,0.518376,0.038051,0.52171,0.009009,0.003311,0.00748
gsm8k_orgn_vs_gsm8k_ver1,v,29,8,1,8,0.129081,0.114009,0.084036,0.514995,0.044968,0.498896,0.033138,0.056306,0.013664
gsm8k_orgn_vs_gsm8k_ver1,v,30,8,1,8,0.098063,0.073647,0.070778,0.503881,0.044839,0.494552,0.010662,0.004125,0.009561
gsm8k_orgn_vs_gsm8k_ver1,v,31,8,1,8,0.109482,0.066649,0.088348,0.502057,0.050978,0.515958,0.012986,0.010441,0.009248
gsm8k_orgn_vs_gsm8k_ver1,v,32,8,1,8,0.10531,0.077065,0.087783,0.47714,0.056351,0.459731,0.018748,0.01303,0.013539
gsm8k_orgn_vs_gsm8k_ver1,v,33,8,1,8,0.060314,0.020407,0.056087,0.477972,0.032504,0.487074,0.01169,0.002835,0.01038
gsm8k_orgn_vs_gsm8k_ver1,v,34,8,1,8,0.063621,0.043793,0.050198,0.438275,0.045776,0.43644,0.022502,0.023891,0.009999
gsm8k_orgn_vs_gsm8k_ver1,v,35,8,1,8,0.046158,0.02325,0.032775,0.440695,0.031823,0.448666,0.019889,0.023938,0.009076
gsm8k_orgn_vs_gsm8k_ver1,v,36,8,1,8,0.096909,0.090811,0.074544,0.435522,0.073964,0.424701,0.028219,0.020527,0.02068
gsm8k_orgn_vs_gsm8k_ver1,v,37,8,1,8,0.105837,0.098776,0.055166,0.461468,0.062243,0.455044,0.050369,0.074116,0.020038
gsm8k_orgn_vs_gsm8k_ver1,v,38,8,1,8,0.098452,0.114068,0.045749,0.429438,0.100188,0.400554,0.025006,0.012439,0.023987
gsm8k_orgn_vs_gsm8k_ver1,v,39,8,1,8,0.120097,0.110299,0.073046,0.429629,0.0986,0.399538,0.030284,0.017495,0.023593
gsm8k_ver1_vs_gpqa_orgn,k,0,8,1,8,0.949211,0.059577,0.97743,0.977954,0.02661,0.990448,0.061657,0.027675,0.053865
gsm8k_ver1_vs_gpqa_orgn,k,1,8,1,8,0.69119,0.10376,0.691678,0.867542,0.051013,0.872292,0.053768,0.023026,0.050684
gsm8k_ver1_vs_gpqa_orgn,k,2,8,1,8,0.7023,0.123127,0.730054,0.849899,0.076307,0.878592,0.047503,0.018491,0.045378
gsm8k_ver1_vs_gpqa_orgn,k,3,8,1,8,0.446163,0.082627,0.445438,0.726618,0.038867,0.739266,0.058057,0.034583,0.045878
gsm8k_ver1_vs_gpqa_orgn,k,4,8,1,8,0.551592,0.082014,0.543794,0.768432,0.047626,0.773813,0.048938,0.013465,0.046274
gsm8k_ver1_vs_gpqa_orgn,k,5,8,1,8,0.539284,0.11859,0.54068,0.78019,0.077332,0.780616,0.044046,0.015233,0.041515
gsm8k_ver1_vs_gpqa_orgn,k,6,8,1,8,0.506752,0.107572,0.514261,0.758495,0.078667,0.752694,0.078028,0.05035,0.059897
gsm8k_ver1_vs_gpqa_orgn,k,7,8,1,8,0.718862,0.071632,0.733868,0.851463,0.040913,0.860006,0.052276,0.023954,0.049003
gsm8k_ver1_vs_gpqa_orgn,k,8,8,1,8,0.846161,0.06066,0.866773,0.917791,0.036237,0.92596,0.056096,0.019045,0.055175
gsm8k_ver1_vs_gpqa_orgn,k,9,8,1,8,0.546609,0.137106,0.574988,0.755554,0.089303,0.772964,0.041481,0.011323,0.04263
gsm8k_ver1_vs_gpqa_orgn,k,10,8,1,8,0.837616,0.104141,0.865269,0.914742,0.049118,0.924321,0.045934,0.013631,0.042566
gsm8k_ver1_vs_gpqa_orgn,k,11,8,1,8,0.628574,0.091991,0.658434,0.801991,0.052509,0.816137,0.050832,0.008864,0.051948
gsm8k_ver1_vs_gpqa_orgn,k,12,8,1,8,0.403678,0.144322,0.389874,0.666827,0.100903,0.652276,0.054461,0.008566,0.056071
gsm8k_ver1_vs_gpqa_orgn,k,13,8,1,8,0.457648,0.100066,0.46464,0.70123,0.071204,0.692609,0.061203,0.013825,0.060783
gsm8k_ver1_vs_gpqa_orgn,k,14,8,1,8,0.501997,0.135402,0.45181,0.740475,0.081321,0.727534,0.062502,0.018097,0.064631
gsm8k_ver1_vs_gpqa_orgn,k,15,8,1,8,0.535312,0.087349,0.544779,0.7473,0.057298,0.757137,0.054815,0.013925,0.057384
gsm8k_ver1_vs_gpqa_orgn,k,16,8,1,8,0.647888,0.07966,0.640342,0.820137,0.051666,0.813992,0.059281,0.01463,0.063252
gsm8k_ver1_vs_gpqa_orgn,k,17,8,1,8,0.454401,0.125581,0.432212,0.720512,0.079995,0.690922,0.06204,0.017416,0.062659
gsm8k_ver1_vs_gpqa_orgn,k,18,8,1,8,0.417518,0.102315,0.379798,0.701157,0.054286,0.685216,0.052698,0.009498,0.052976
gsm8k_ver1_vs_gpqa_orgn,k,19,8,1,8,0.439615,0.036861,0.443063,0.717425,0.024429,0.719482,0.056946,0.006088,0.055686
gsm8k_ver1_vs_gpqa_orgn,k,20,8,1,8,0.536229,0.124359,0.524523,0.775571,0.05976,0.781901,0.053091,0.01285,0.056726
gsm8k_ver1_vs_gpqa_orgn,k,21,8,1,8,0.505642,0.112903,0.469026,0.767734,0.056225,0.769176,0.06897,0.012522,0.074095
gsm8k_ver1_vs_gpqa_orgn,k,22,8,1,8,0.517745,0.065103,0.500034,0.757154,0.038681,0.757942,0.045371,0.005871,0.046577
gsm8k_ver1_vs_gpqa_orgn,k,23,8,1,8,0.534938,0.088418,0.537324,0.773896,0.033637,0.772746,0.061638,0.011441,0.060595
gsm8k_ver1_vs_gpqa_orgn,k,24,8,1,8,0.505868,0.106214,0.488433,0.768206,0.042101,0.763051,0.068053,0.009337,0.063679
gsm8k_ver1_vs_gpqa_orgn,k,25,8,1,8,0.717249,0.089757,0.697385,0.867443,0.039698,0.858297,0.055251,0.009137,0.054421
gsm8k_ver1_vs_gpqa_orgn,k,26,8,1,8,0.505429,0.069006,0.497228,0.7591,0.034519,0.764962,0.06251,0.010387,0.062054
gsm8k_ver1_vs_gpqa_orgn,k,27,8,1,8,0.580766,0.087489,0.601099,0.789769,0.047584,0.796978,0.053766,0.011259,0.05246
gsm8k_ver1_vs_gpqa_orgn,k,28,8,1,8,0.410233,0.048029,0.419518,0.707387,0.033102,0.712576,0.064662,0.00701,0.067432
gsm8k_ver1_vs_gpqa_orgn,k,29,8,1,8,0.4773,0.094676,0.44656,0.734248,0.048608,0.721992,0.05736,0.017183,0.054004
gsm8k_ver1_vs_gpqa_orgn,k,30,8,1,8,0.549394,0.114948,0.55029,0.766807,0.048487,0.757678,0.049793,0.009743,0.047742
gsm8k_ver1_vs_gpqa_orgn,k,31,8,1,8,0.484951,0.10007,0.481379,0.715879,0.068488,0.714949,0.059269,0.00987,0.057101
gsm8k_ver1_vs_gpqa_orgn,k,32,8,1,8,0.463333,0.071679,0.49126,0.70735,0.050979,0.698822,0.052235,0.017675,0.045147
gsm8k_ver1_vs_gpqa_orgn,k,33,8,1,8,0.430183,0.043385,0.43203,0.688812,0.024125,0.684018,0.054319,0.014246,0.05522
gsm8k_ver1_vs_gpqa_orgn,k,34,8,1,8,0.413934,0.103013,0.38163,0.706898,0.036759,0.71016,0.052317,0.014799,0.047628
gsm8k_ver1_vs_gpqa_orgn,k,35,8,1,8,0.408763,0.048917,0.395204,0.701074,0.034708,0.710844,0.048568,0.018246,0.041621
gsm8k_ver1_vs_gpqa_orgn,k,36,8,1,8,0.537739,0.108713,0.548711,0.744479,0.062032,0.746296,0.06052,0.032373,0.053162
gsm8k_ver1_vs_gpqa_orgn,k,37,8,1,8,0.494408,0.099995,0.483622,0.723094,0.068189,0.729776,0.057991,0.036817,0.048099
gsm8k_ver1_vs_gpqa_orgn,k,38,8,1,8,0.56654,0.148831,0.516152,0.762476,0.090898,0.742253,0.056966,0.018131,0.05179
gsm8k_ver1_vs_gpqa_orgn,k,39,8,1,8,0.710583,0.050252,0.702798,0.848921,0.031994,0.839288,0.060974,0.011358,0.056872
gsm8k_ver1_vs_gpqa_orgn,q,0,40,1,40,0.444472,0.10966,0.458522,0.738005,0.057806,0.729694,0.062694,0.040902,0.048652
gsm8k_ver1_vs_gpqa_orgn,q,1,40,1,40,0.576345,0.106707,0.572486,0.805754,0.068624,0.809262,0.067287,0.034398,0.062705
gsm8k_ver1_vs_gpqa_orgn,q,2,40,1,40,0.585567,0.112799,0.609791,0.776614,0.068411,0.802144,0.064484,0.025443,0.056652
gsm8k_ver1_vs_gpqa_orgn,q,3,40,1,40,0.469346,0.075309,0.475594,0.720006,0.050315,0.725178,0.059673,0.03995,0.052096
gsm8k_ver1_vs_gpqa_orgn,q,4,40,1,40,0.512885,0.075861,0.525992,0.745619,0.053229,0.753168,0.059615,0.02199,0.053439
gsm8k_ver1_vs_gpqa_orgn,q,5,40,1,40,0.462795,0.107637,0.440283,0.732594,0.062897,0.722467,0.060153,0.024068,0.056917
gsm8k_ver1_vs_gpqa_orgn,q,6,40,1,40,0.528914,0.104241,0.525088,0.758253,0.058171,0.764662,0.055366,0.021755,0.048097
gsm8k_ver1_vs_gpqa_orgn,q,7,40,1,40,0.650564,0.097949,0.65978,0.799531,0.059163,0.811652,0.067682,0.025879,0.062063
gsm8k_ver1_vs_gpqa_orgn,q,8,40,1,40,0.664482,0.092579,0.68151,0.815783,0.064115,0.824207,0.072647,0.017542,0.070058
gsm8k_ver1_vs_gpqa_orgn,q,9,40,1,40,0.55395,0.123814,0.588643,0.761069,0.072751,0.762437,0.045969,0.011486,0.04667
gsm8k_ver1_vs_gpqa_orgn,q,10,40,1,40,0.662691,0.09194,0.696616,0.820764,0.060286,0.847178,0.071435,0.022304,0.07415
gsm8k_ver1_vs_gpqa_orgn,q,11,40,1,40,0.625212,0.095143,0.639948,0.793571,0.060869,0.806264,0.055351,0.014486,0.052482
gsm8k_ver1_vs_gpqa_orgn,q,12,40,1,40,0.479064,0.113645,0.457804,0.710274,0.064454,0.695362,0.055848,0.013574,0.056766
gsm8k_ver1_vs_gpqa_orgn,q,13,40,1,40,0.606058,0.13636,0.626969,0.792795,0.077739,0.801433,0.06382,0.017208,0.063052
gsm8k_ver1_vs_gpqa_orgn,q,14,40,1,40,0.546167,0.081676,0.540932,0.750488,0.062769,0.753205,0.066724,0.024002,0.060118
gsm8k_ver1_vs_gpqa_orgn,q,15,40,1,40,0.480118,0.076611,0.477173,0.710767,0.04733,0.70674,0.051279,0.012923,0.05042
gsm8k_ver1_vs_gpqa_orgn,q,16,40,1,40,0.491991,0.096875,0.490076,0.730663,0.068753,0.721599,0.054346,0.017913,0.051426
gsm8k_ver1_vs_gpqa_orgn,q,17,40,1,40,0.408142,0.101691,0.379367,0.682835,0.068954,0.668136,0.055079,0.022797,0.049774
gsm8k_ver1_vs_gpqa_orgn,q,18,40,1,40,0.459137,0.095251,0.446782,0.722451,0.056158,0.707264,0.050816,0.016638,0.046327
gsm8k_ver1_vs_gpqa_orgn,q,19,40,1,40,0.502091,0.111385,0.47368,0.721149,0.070813,0.704826,0.044212,0.009957,0.043037
gsm8k_ver1_vs_gpqa_orgn,q,20,40,1,40,0.496846,0.086582,0.497184,0.739312,0.056675,0.743777,0.043699,0.010046,0.041984
gsm8k_ver1_vs_gpqa_orgn,q,21,40,1,40,0.416157,0.065372,0.409268,0.672189,0.053236,0.661044,0.055192,0.012572,0.053962
gsm8k_ver1_vs_gpqa_orgn,q,22,40,1,40,0.450019,0.06109,0.457218,0.700871,0.034413,0.698932,0.049538,0.011428,0.047268
gsm8k_ver1_vs_gpqa_orgn,q,23,40,1,40,0.48693,0.064899,0.472864,0.714037,0.041999,0.714614,0.049546,0.011219,0.0469
gsm8k_ver1_vs_gpqa_orgn,q,24,40,1,40,0.504448,0.063889,0.490948,0.723079,0.044771,0.714073,0.049244,0.010818,0.046575
gsm8k_ver1_vs_gpqa_orgn,q,25,40,1,40,0.518329,0.055564,0.523454,0.73344,0.035261,0.72727,0.062617,0.021708,0.056709
gsm8k_ver1_vs_gpqa_orgn,q,26,40,1,40,0.507808,0.061865,0.507488,0.719828,0.039682,0.716614,0.062889,0.017689,0.057327
gsm8k_ver1_vs_gpqa_orgn,q,27,40,1,40,0.588187,0.072613,0.586098,0.777785,0.054161,0.783154,0.047012,0.009241,0.04669
gsm8k_ver1_vs_gpqa_orgn,q,28,40,1,40,0.485307,0.061924,0.478929,0.711941,0.039741,0.707027,0.051014,0.009559,0.051316
gsm8k_ver1_vs_gpqa_orgn,q,29,40,1,40,0.664127,0.142582,0.675679,0.806745,0.085014,0.814924,0.057556,0.01505,0.05514
gsm8k_ver1_vs_gpqa_orgn,q,30,40,1,40,0.654209,0.099057,0.687362,0.799176,0.063904,0.815406,0.065009,0.0172,0.063043
gsm8k_ver1_vs_gpqa_orgn,q,31,40,1,40,0.582784,0.096291,0.609616,0.761871,0.057071,0.775754,0.062038,0.014072,0.060072
gsm8k_ver1_vs_gpqa_orgn,q,32,40,1,40,0.64089,0.076042,0.616847,0.78569,0.054307,0.766258,0.05714,0.021618,0.052363
gsm8k_ver1_vs_gpqa_orgn,q,33,40,1,40,0.58686,0.051738,0.576274,0.75318,0.034304,0.753468,0.06376,0.013112,0.062529
gsm8k_ver1_vs_gpqa_orgn,q,34,40,1,40,0.517444,0.059164,0.516822,0.709354,0.041739,0.71016,0.060153,0.014057,0.057018
gsm8k_ver1_vs_gpqa_orgn,q,35,40,1,40,0.504857,0.036524,0.503686,0.708207,0.026705,0.70584,0.069116,0.017109,0.06493
gsm8k_ver1_vs_gpqa_orgn,q,36,40,1,40,0.620451,0.065073,0.616258,0.772463,0.048139,0.769009,0.063694,0.03367,0.054844
gsm8k_ver1_vs_gpqa_orgn,q,37,40,1,40,0.599567,0.060211,0.590102,0.769566,0.050004,0.76579,0.066845,0.026926,0.061686
gsm8k_ver1_vs_gpqa_orgn,q,38,40,1,40,0.65723,0.081841,0.650757,0.808744,0.047707,0.799979,0.076477,0.031795,0.068066
gsm8k_ver1_vs_gpqa_orgn,q,39,40,1,40,0.577875,0.077904,0.588035,0.760627,0.050514,0.76231,0.085766,0.024896,0.076952
gsm8k_ver1_vs_gpqa_orgn,v,0,8,1,8,0.092928,0.130858,0.045142,0.541452,0.08355,0.503172,0.035075,0.011496,0.03756
gsm8k_ver1_vs_gpqa_orgn,v,1,8,1,8,0.082682,0.10954,0.038782,0.511364,0.114131,0.500052,0.047085,0.018321,0.04557
gsm8k_ver1_vs_gpqa_orgn,v,2,8,1,8,0.02693,0.016495,0.021658,0.438413,0.053328,0.429192,0.023855,0.007819,0.020298
gsm8k_ver1_vs_gpqa_orgn,v,3,8,1,8,0.024744,0.01883,0.016843,0.429218,0.065252,0.40271,0.027268,0.010736,0.024322
gsm8k_ver1_vs_gpqa_orgn,v,4,8,1,8,0.04663,0.069548,0.021501,0.420037,0.100804,0.379803,0.028062,0.006732,0.029108
gsm8k_ver1_vs_gpqa_orgn,v,5,8,1,8,0.124703,0.132977,0.067573,0.529828,0.12888,0.504932,0.03802,0.011623,0.0348
gsm8k_ver1_vs_gpqa_orgn,v,6,8,1,8,0.037949,0.026558,0.034215,0.418076,0.08579,0.388824,0.031182,0.008268,0.031862
gsm8k_ver1_vs_gpqa_orgn,v,7,8,1,8,0.055792,0.028708,0.063409,0.385766,0.06819,0.392168,0.052118,0.039919,0.035851
gsm8k_ver1_vs_gpqa_orgn,v,8,8,1,8,0.05499,0.021352,0.05388,0.400194,0.060617,0.391719,0.050534,0.035164,0.034735
gsm8k_ver1_vs_gpqa_orgn,v,9,8,1,8,0.08771,0.063832,0.081498,0.473965,0.039523,0.46539,0.031496,0.008738,0.031563
gsm8k_ver1_vs_gpqa_orgn,v,10,8,1,8,0.045762,0.026736,0.046979,0.409943,0.051373,0.429578,0.021743,0.003271,0.021015
gsm8k_ver1_vs_gpqa_orgn,v,11,8,1,8,0.02604,0.008021,0.02388,0.344155,0.026668,0.353726,0.021617,0.006498,0.019114
gsm8k_ver1_vs_gpqa_orgn,v,12,8,1,8,0.086798,0.074231,0.057793,0.409975,0.084294,0.373842,0.028912,0.008265,0.026322
gsm8k_ver1_vs_gpqa_orgn,v,13,8,1,8,0.046857,0.039684,0.03106,0.347737,0.0656,0.338158,0.035654,0.023038,0.02856
gsm8k_ver1_vs_gpqa_orgn,v,14,8,1,8,0.104459,0.125934,0.068614,0.41787,0.137162,0.380216,0.039118,0.019543,0.029727
gsm8k_ver1_vs_gpqa_orgn,v,15,8,1,8,0.07311,0.042587,0.062124,0.415826,0.060375,0.413181,0.031823,0.015081,0.030997
gsm8k_ver1_vs_gpqa_orgn,v,16,8,1,8,0.076004,0.025631,0.076518,0.412737,0.057116,0.39809,0.025888,0.006634,0.02611
gsm8k_ver1_vs_gpqa_orgn,v,17,8,1,8,0.073193,0.041027,0.06404,0.426955,0.050658,0.433687,0.038554,0.028421,0.02702
gsm8k_ver1_vs_gpqa_orgn,v,18,8,1,8,0.080978,0.05146,0.069701,0.423745,0.065756,0.428,0.025265,0.013838,0.020916
gsm8k_ver1_vs_gpqa_orgn,v,19,8,1,8,0.063229,0.032471,0.069745,0.423076,0.066701,0.443264,0.019434,0.006295,0.01689
gsm8k_ver1_vs_gpqa_orgn,v,20,8,1,8,0.055744,0.034525,0.05146,0.385461,0.063459,0.378792,0.020011,0.005952,0.017778
gsm8k_ver1_vs_gpqa_orgn,v,21,8,1,8,0.086542,0.081038,0.063622,0.408376,0.08131,0.398968,0.027594,0.013917,0.025534
gsm8k_ver1_vs_gpqa_orgn,v,22,8,1,8,0.071321,0.042341,0.073486,0.405663,0.062428,0.404468,0.026252,0.012693,0.023802
gsm8k_ver1_vs_gpqa_orgn,v,23,8,1,8,0.050619,0.016813,0.04869,0.367884,0.040443,0.362653,0.020796,0.00664,0.019135
gsm8k_ver1_vs_gpqa_orgn,v,24,8,1,8,0.042329,0.02387,0.044041,0.356389,0.055003,0.349753,0.027838,0.021429,0.019404
gsm8k_ver1_vs_gpqa_orgn,v,25,8,1,8,0.065346,0.048658,0.057222,0.370978,0.061699,0.38299,0.032643,0.021525,0.025152
gsm8k_ver1_vs_gpqa_orgn,v,26,8,1,8,0.062983,0.04612,0.044442,0.367185,0.051525,0.378273,0.034163,0.016523,0.026747
gsm8k_ver1_vs_gpqa_orgn,v,27,8,1,8,0.062228,0.0249,0.061282,0.410723,0.051292,0.394146,0.028188,0.008012,0.026496
gsm8k_ver1_vs_gpqa_orgn,v,28,8,1,8,0.0381,0.014856,0.035276,0.378606,0.062816,0.363854,0.024867,0.008201,0.022843
gsm8k_ver1_vs_gpqa_orgn,v,29,8,1,8,0.08295,0.078871,0.053789,0.378977,0.055954,0.353165,0.058043,0.084388,0.026128
gsm8k_ver1_vs_gpqa_orgn,v,30,8,1,8,0.056268,0.054803,0.023372,0.35827,0.055849,0.376555,0.034803,0.016925,0.030903
gsm8k_ver1_vs_gpqa_orgn,v,31,8,1,8,0.069934,0.061832,0.046397,0.366161,0.076056,0.355404,0.036233,0.01862,0.03247
gsm8k_ver1_vs_gpqa_orgn,v,32,8,1,8,0.076098,0.066551,0.048473,0.373768,0.068446,0.379158,0.035139,0.022239,0.028326
gsm8k_ver1_vs_gpqa_orgn,v,33,8,1,8,0.031307,0.008,0.031492,0.357568,0.048635,0.361024,0.024874,0.010172,0.022259
gsm8k_ver1_vs_gpqa_orgn,v,34,8,1,8,0.04581,0.036221,0.032954,0.36903,0.044852,0.367816,0.030812,0.024873,0.017975
gsm8k_ver1_vs_gpqa_orgn,v,35,8,1,8,0.032477,0.016488,0.023758,0.351963,0.025737,0.35411,0.027687,0.022621,0.017972
gsm8k_ver1_vs_gpqa_orgn,v,36,8,1,8,0.068772,0.074385,0.04885,0.356134,0.0695,0.345866,0.0366,0.018123,0.030828
gsm8k_ver1_vs_gpqa_orgn,v,37,8,1,8,0.072666,0.07957,0.039944,0.373384,0.067482,0.361684,0.06055,0.078975,0.032931
gsm8k_ver1_vs_gpqa_orgn,v,38,8,1,8,0.07899,0.105408,0.030774,0.366755,0.098028,0.328328,0.030369,0.013203,0.027835
gsm8k_ver1_vs_gpqa_orgn,v,39,8,1,8,0.089428,0.104853,0.038592,0.359762,0.104156,0.308171,0.043294,0.020667,0.033972
gsm8k_ver1_vs_gpqa_ver1,k,0,8,1,8,0.949949,0.057885,0.977366,0.97938,0.023538,0.990466,0.036087,0.00576,0.036082
gsm8k_ver1_vs_gpqa_ver1,k,1,8,1,8,0.692236,0.103227,0.699857,0.875545,0.049071,0.882024,0.042947,0.01757,0.041778
gsm8k_ver1_vs_gpqa_ver1,k,2,8,1,8,0.706229,0.125105,0.735701,0.8582,0.067951,0.880175,0.042119,0.013811,0.040802
gsm8k_ver1_vs_gpqa_ver1,k,3,8,1,8,0.451776,0.091422,0.456093,0.741688,0.043278,0.753198,0.043534,0.016343,0.040261
gsm8k_ver1_vs_gpqa_ver1,k,4,8,1,8,0.551198,0.080927,0.548436,0.776236,0.049412,0.786638,0.04617,0.013344,0.046949
gsm8k_ver1_vs_gpqa_ver1,k,5,8,1,8,0.529617,0.118197,0.532991,0.774522,0.077383,0.77469,0.049118,0.019863,0.046668
gsm8k_ver1_vs_gpqa_ver1,k,6,8,1,8,0.50631,0.110833,0.512296,0.761695,0.078755,0.75425,0.075014,0.047652,0.057287
gsm8k_ver1_vs_gpqa_ver1,k,7,8,1,8,0.71301,0.073603,0.729235,0.850362,0.042966,0.857642,0.049272,0.019908,0.04912
gsm8k_ver1_vs_gpqa_ver1,k,8,8,1,8,0.843766,0.06113,0.865276,0.917613,0.035734,0.925056,0.055354,0.02062,0.056234
gsm8k_ver1_vs_gpqa_ver1,k,9,8,1,8,0.54666,0.136722,0.580802,0.762295,0.084896,0.77955,0.037727,0.008396,0.039776
gsm8k_ver1_vs_gpqa_ver1,k,10,8,1,8,0.834998,0.108754,0.863864,0.913859,0.050055,0.921899,0.048434,0.011747,0.046744
gsm8k_ver1_vs_gpqa_ver1,k,11,8,1,8,0.625095,0.088925,0.651857,0.807151,0.048838,0.819938,0.047833,0.009352,0.049271
gsm8k_ver1_vs_gpqa_ver1,k,12,8,1,8,0.410196,0.142928,0.400615,0.676769,0.098933,0.667498,0.053023,0.007194,0.05362
gsm8k_ver1_vs_gpqa_ver1,k,13,8,1,8,0.452839,0.099934,0.461744,0.703098,0.071213,0.695018,0.065097,0.01329,0.06609
gsm8k_ver1_vs_gpqa_ver1,k,14,8,1,8,0.503234,0.135397,0.454148,0.744275,0.081836,0.732481,0.057601,0.018753,0.058676
gsm8k_ver1_vs_gpqa_ver1,k,15,8,1,8,0.54157,0.088698,0.555248,0.752108,0.055658,0.76236,0.051607,0.012011,0.053998
gsm8k_ver1_vs_gpqa_ver1,k,16,8,1,8,0.647452,0.081295,0.639816,0.822239,0.051178,0.816488,0.054623,0.012526,0.056625
gsm8k_ver1_vs_gpqa_ver1,k,17,8,1,8,0.476614,0.126017,0.454612,0.741066,0.077081,0.712658,0.046762,0.014067,0.047018
gsm8k_ver1_vs_gpqa_ver1,k,18,8,1,8,0.415398,0.104096,0.376086,0.701788,0.053693,0.680933,0.054816,0.010083,0.054611
gsm8k_ver1_vs_gpqa_ver1,k,19,8,1,8,0.443983,0.038681,0.447513,0.722546,0.02121,0.723465,0.048837,0.005026,0.049007
gsm8k_ver1_vs_gpqa_ver1,k,20,8,1,8,0.533303,0.1233,0.523196,0.776601,0.058866,0.781426,0.053853,0.013693,0.056882
gsm8k_ver1_vs_gpqa_ver1,k,21,8,1,8,0.506227,0.113771,0.468812,0.772963,0.05498,0.768534,0.060884,0.011461,0.063054
gsm8k_ver1_vs_gpqa_ver1,k,22,8,1,8,0.506584,0.064615,0.487046,0.751175,0.037105,0.745358,0.055317,0.007606,0.055921
gsm8k_ver1_vs_gpqa_ver1,k,23,8,1,8,0.537596,0.087143,0.536747,0.780728,0.032853,0.781401,0.0573,0.009906,0.056427
gsm8k_ver1_vs_gpqa_ver1,k,24,8,1,8,0.505938,0.107522,0.486082,0.770753,0.04103,0.764452,0.064667,0.008766,0.062043
gsm8k_ver1_vs_gpqa_ver1,k,25,8,1,8,0.718281,0.08788,0.698588,0.866059,0.039807,0.857014,0.056958,0.01127,0.053816
gsm8k_ver1_vs_gpqa_ver1,k,26,8,1,8,0.508115,0.070058,0.493906,0.761677,0.035451,0.765949,0.063022,0.009188,0.064145
gsm8k_ver1_vs_gpqa_ver1,k,27,8,1,8,0.583111,0.089984,0.602315,0.790296,0.049426,0.799153,0.051833,0.009825,0.051463
gsm8k_ver1_vs_gpqa_ver1,k,28,8,1,8,0.425642,0.049789,0.434916,0.722367,0.030027,0.725547,0.054578,0.005871,0.056037
gsm8k_ver1_vs_gpqa_ver1,k,29,8,1,8,0.464801,0.097075,0.430686,0.732422,0.04739,0.720139,0.056711,0.016244,0.054703
gsm8k_ver1_vs_gpqa_ver1,k,30,8,1,8,0.553346,0.116516,0.556543,0.776183,0.049108,0.76565,0.045696,0.008086,0.042984
gsm8k_ver1_vs_gpqa_ver1,k,31,8,1,8,0.493374,0.099003,0.488792,0.728501,0.066084,0.722002,0.052852,0.011959,0.050356
gsm8k_ver1_vs_gpqa_ver1,k,32,8,1,8,0.458433,0.075519,0.493715,0.715033,0.052243,0.716474,0.045731,0.008701,0.043886
gsm8k_ver1_vs_gpqa_ver1,k,33,8,1,8,0.425087,0.050773,0.425377,0.703059,0.026546,0.700354,0.050762,0.008743,0.050402
gsm8k_ver1_vs_gpqa_ver1,k,34,8,1,8,0.412486,0.101306,0.376244,0.714709,0.034614,0.715072,0.0462,0.010709,0.045048
gsm8k_ver1_vs_gpqa_ver1,k,35,8,1,8,0.403553,0.056123,0.385746,0.715865,0.025335,0.716026,0.043512,0.007737,0.041864
gsm8k_ver1_vs_gpqa_ver1,k,36,8,1,8,0.54887,0.107921,0.560124,0.76651,0.056018,0.764486,0.043376,0.010406,0.044158
gsm8k_ver1_vs_gpqa_ver1,k,37,8,1,8,0.492783,0.105512,0.474326,0.735452,0.066865,0.729464,0.040049,0.014974,0.035298
gsm8k_ver1_vs_gpqa_ver1,k,38,8,1,8,0.55939,0.152429,0.503861,0.769032,0.088499,0.743124,0.045341,0.010921,0.046341
gsm8k_ver1_vs_gpqa_ver1,k,39,8,1,8,0.712049,0.051303,0.70474,0.857351,0.031841,0.849914,0.049822,0.008386,0.048334
gsm8k_ver1_vs_gpqa_ver1,q,0,40,1,40,0.45319,0.113989,0.462005,0.754003,0.059392,0.734403,0.037588,0.00938,0.035646
gsm8k_ver1_vs_gpqa_ver1,q,1,40,1,40,0.588154,0.105512,0.578604,0.831583,0.061122,0.833379,0.050052,0.01883,0.04642
gsm8k_ver1_vs_gpqa_ver1,q,2,40,1,40,0.600026,0.111497,0.627874,0.799179,0.058797,0.816801,0.0517,0.01908,0.04857
gsm8k_ver1_vs_gpqa_ver1,q,3,40,1,40,0.480261,0.077119,0.492578,0.741504,0.04378,0.749622,0.049696,0.013455,0.047622
gsm8k_ver1_vs_gpqa_ver1,q,4,40,1,40,0.514816,0.075845,0.522657,0.758547,0.050661,0.765202,0.053071,0.019448,0.047598
gsm8k_ver1_vs_gpqa_ver1,q,5,40,1,40,0.451231,0.107862,0.436332,0.72932,0.062993,0.724046,0.064756,0.026267,0.063943
gsm8k_ver1_vs_gpqa_ver1,q,6,40,1,40,0.534762,0.10561,0.536647,0.775869,0.056303,0.780154,0.044737,0.018112,0.038468
gsm8k_ver1_vs_gpqa_ver1,q,7,40,1,40,0.651916,0.098494,0.662978,0.805843,0.057946,0.816767,0.054098,0.022654,0.048354
gsm8k_ver1_vs_gpqa_ver1,q,8,40,1,40,0.67053,0.090142,0.683826,0.82357,0.058704,0.831098,0.06019,0.017007,0.059539
gsm8k_ver1_vs_gpqa_ver1,q,9,40,1,40,0.55657,0.124476,0.597985,0.771022,0.06969,0.776582,0.042811,0.010385,0.041753
gsm8k_ver1_vs_gpqa_ver1,q,10,40,1,40,0.657947,0.090688,0.693512,0.817513,0.057851,0.839448,0.07426,0.024857,0.078198
gsm8k_ver1_vs_gpqa_ver1,q,11,40,1,40,0.628513,0.09554,0.644662,0.799312,0.058601,0.810186,0.050457,0.013543,0.048894
gsm8k_ver1_vs_gpqa_ver1,q,12,40,1,40,0.479587,0.113282,0.460326,0.711851,0.064186,0.69568,0.051235,0.012284,0.051204
gsm8k_ver1_vs_gpqa_ver1,q,13,40,1,40,0.605891,0.135292,0.624676,0.793655,0.077028,0.802324,0.062022,0.016379,0.061934
gsm8k_ver1_vs_gpqa_ver1,q,14,40,1,40,0.551718,0.082153,0.544898,0.760026,0.062617,0.763548,0.061846,0.022479,0.056593
gsm8k_ver1_vs_gpqa_ver1,q,15,40,1,40,0.479271,0.077454,0.477203,0.714416,0.047746,0.713179,0.053048,0.013362,0.053376
gsm8k_ver1_vs_gpqa_ver1,q,16,40,1,40,0.493089,0.097508,0.488962,0.731629,0.069208,0.71772,0.05262,0.016518,0.049369
gsm8k_ver1_vs_gpqa_ver1,q,17,40,1,40,0.416914,0.103033,0.384903,0.698542,0.069021,0.682236,0.045886,0.017594,0.040068
gsm8k_ver1_vs_gpqa_ver1,q,18,40,1,40,0.456815,0.096111,0.445034,0.724697,0.056206,0.714735,0.050981,0.015607,0.046652
gsm8k_ver1_vs_gpqa_ver1,q,19,40,1,40,0.497733,0.111489,0.473875,0.716977,0.072265,0.700847,0.052705,0.011283,0.05317
gsm8k_ver1_vs_gpqa_ver1,q,20,40,1,40,0.492562,0.086616,0.489162,0.74187,0.055875,0.74663,0.045035,0.009875,0.043576
gsm8k_ver1_vs_gpqa_ver1,q,21,40,1,40,0.416126,0.06621,0.40954,0.673795,0.053458,0.665012,0.052098,0.010341,0.051426
gsm8k_ver1_vs_gpqa_ver1,q,22,40,1,40,0.449035,0.062706,0.454822,0.701961,0.03598,0.700026,0.056615,0.011977,0.055442
gsm8k_ver1_vs_gpqa_ver1,q,23,40,1,40,0.475937,0.066537,0.461509,0.707498,0.044867,0.704196,0.056723,0.008847,0.055596
gsm8k_ver1_vs_gpqa_ver1,q,24,40,1,40,0.4956,0.063887,0.478923,0.721026,0.044696,0.711703,0.052751,0.010622,0.050348
gsm8k_ver1_vs_gpqa_ver1,q,25,40,1,40,0.5189,0.057637,0.521619,0.736287,0.038506,0.72829,0.056309,0.013756,0.053323
gsm8k_ver1_vs_gpqa_ver1,q,26,40,1,40,0.506142,0.063064,0.509622,0.72177,0.040811,0.717563,0.064218,0.014742,0.05953
gsm8k_ver1_vs_gpqa_ver1,q,27,40,1,40,0.582222,0.073233,0.58224,0.776736,0.053548,0.781972,0.055742,0.011112,0.053749
gsm8k_ver1_vs_gpqa_ver1,q,28,40,1,40,0.48297,0.06366,0.476364,0.713026,0.040092,0.709344,0.054302,0.01046,0.054268
gsm8k_ver1_vs_gpqa_ver1,q,29,40,1,40,0.664082,0.144148,0.67775,0.809859,0.085437,0.818,0.053133,0.010635,0.050842
gsm8k_ver1_vs_gpqa_ver1,q,30,40,1,40,0.661723,0.100384,0.696438,0.809842,0.063159,0.826771,0.054963,0.013302,0.054656
gsm8k_ver1_vs_gpqa_ver1,q,31,40,1,40,0.582936,0.094363,0.611624,0.768125,0.054757,0.783351,0.060695,0.012678,0.058823
gsm8k_ver1_vs_gpqa_ver1,q,32,40,1,40,0.647191,0.075233,0.624861,0.797743,0.05199,0.776816,0.048377,0.010571,0.046903
gsm8k_ver1_vs_gpqa_ver1,q,33,40,1,40,0.591535,0.052702,0.580757,0.760996,0.034938,0.765192,0.05417,0.008574,0.054428
gsm8k_ver1_vs_gpqa_ver1,q,34,40,1,40,0.514427,0.057288,0.512911,0.717844,0.03877,0.712698,0.053922,0.007949,0.053333
gsm8k_ver1_vs_gpqa_ver1,q,35,40,1,40,0.510672,0.037227,0.510944,0.726372,0.02593,0.726695,0.054376,0.009328,0.053138
gsm8k_ver1_vs_gpqa_ver1,q,36,40,1,40,0.632045,0.063229,0.621866,0.789015,0.04352,0.785341,0.044589,0.008599,0.045045
gsm8k_ver1_vs_gpqa_ver1,q,37,40,1,40,0.606394,0.058517,0.601868,0.783602,0.042458,0.788016,0.051122,0.014679,0.054243
gsm8k_ver1_vs_gpqa_ver1,q,38,40,1,40,0.666025,0.080458,0.66204,0.823087,0.045335,0.822452,0.058541,0.014113,0.057048
gsm8k_ver1_vs_gpqa_ver1,q,39,40,1,40,0.59159,0.083062,0.607256,0.783774,0.047866,0.781448,0.061895,0.013993,0.057911
gsm8k_ver1_vs_gpqa_ver1,v,0,8,1,8,0.099497,0.121602,0.06125,0.605226,0.06049,0.595096,0.021011,0.005101,0.020866
gsm8k_ver1_vs_gpqa_ver1,v,1,8,1,8,0.107844,0.124768,0.064881,0.608364,0.098355,0.569708,0.02712,0.009599,0.024122
gsm8k_ver1_vs_gpqa_ver1,v,2,8,1,8,0.030658,0.018256,0.025408,0.508123,0.057224,0.501561,0.018511,0.006589,0.016545
gsm8k_ver1_vs_gpqa_ver1,v,3,8,1,8,0.031365,0.021397,0.026198,0.486141,0.058695,0.47235,0.020638,0.007061,0.0199
gsm8k_ver1_vs_gpqa_ver1,v,4,8,1,8,0.051352,0.070596,0.028484,0.464598,0.096202,0.43084,0.023132,0.004691,0.024234
gsm8k_ver1_vs_gpqa_ver1,v,5,8,1,8,0.128561,0.130485,0.077032,0.558691,0.119469,0.554474,0.032805,0.011507,0.03034
gsm8k_ver1_vs_gpqa_ver1,v,6,8,1,8,0.043658,0.028363,0.043572,0.463165,0.085607,0.450612,0.026176,0.007276,0.02681
gsm8k_ver1_vs_gpqa_ver1,v,7,8,1,8,0.07106,0.045102,0.07602,0.422052,0.078488,0.443888,0.035812,0.024598,0.025998
gsm8k_ver1_vs_gpqa_ver1,v,8,8,1,8,0.068527,0.021964,0.067293,0.453657,0.066879,0.437774,0.038599,0.028602,0.027521
gsm8k_ver1_vs_gpqa_ver1,v,9,8,1,8,0.093188,0.06248,0.087552,0.504271,0.03585,0.502288,0.024231,0.007478,0.024573
gsm8k_ver1_vs_gpqa_ver1,v,10,8,1,8,0.046283,0.027982,0.045819,0.441146,0.059136,0.45544,0.02,0.00481,0.019548
gsm8k_ver1_vs_gpqa_ver1,v,11,8,1,8,0.027586,0.008233,0.027042,0.374815,0.032036,0.385227,0.018296,0.006238,0.015703
gsm8k_ver1_vs_gpqa_ver1,v,12,8,1,8,0.087994,0.078027,0.054092,0.419441,0.083489,0.386821,0.026278,0.008468,0.023108
gsm8k_ver1_vs_gpqa_ver1,v,13,8,1,8,0.050022,0.040709,0.031023,0.356559,0.064634,0.342478,0.033329,0.021059,0.02657
gsm8k_ver1_vs_gpqa_ver1,v,14,8,1,8,0.10931,0.123625,0.07187,0.428827,0.131644,0.393503,0.036186,0.018394,0.026429
gsm8k_ver1_vs_gpqa_ver1,v,15,8,1,8,0.07632,0.044962,0.06616,0.436178,0.065967,0.436559,0.028398,0.011856,0.030324
gsm8k_ver1_vs_gpqa_ver1,v,16,8,1,8,0.075928,0.02551,0.073579,0.424939,0.061396,0.413273,0.026739,0.006215,0.026522
gsm8k_ver1_vs_gpqa_ver1,v,17,8,1,8,0.075306,0.043757,0.065156,0.441343,0.057616,0.452743,0.0359,0.026616,0.024632
gsm8k_ver1_vs_gpqa_ver1,v,18,8,1,8,0.086321,0.049455,0.075644,0.437534,0.061097,0.441126,0.022108,0.009522,0.019539
gsm8k_ver1_vs_gpqa_ver1,v,19,8,1,8,0.065283,0.033062,0.073539,0.428748,0.064631,0.450071,0.019499,0.006541,0.017292
gsm8k_ver1_vs_gpqa_ver1,v,20,8,1,8,0.058714,0.035768,0.053772,0.396235,0.062862,0.389505,0.018605,0.006311,0.015863
gsm8k_ver1_vs_gpqa_ver1,v,21,8,1,8,0.089563,0.083282,0.068227,0.416091,0.084603,0.40995,0.025913,0.011877,0.024094
gsm8k_ver1_vs_gpqa_ver1,v,22,8,1,8,0.071194,0.042331,0.073108,0.420656,0.05893,0.429102,0.026472,0.009407,0.024925
gsm8k_ver1_vs_gpqa_ver1,v,23,8,1,8,0.053655,0.015841,0.050848,0.38802,0.037289,0.386471,0.019129,0.006437,0.017468
gsm8k_ver1_vs_gpqa_ver1,v,24,8,1,8,0.044184,0.024195,0.045326,0.372036,0.052413,0.371672,0.027583,0.021696,0.019723
gsm8k_ver1_vs_gpqa_ver1,v,25,8,1,8,0.068669,0.047203,0.066086,0.376812,0.056118,0.39064,0.030435,0.015692,0.026
gsm8k_ver1_vs_gpqa_ver1,v,26,8,1,8,0.068253,0.054953,0.047456,0.381144,0.062129,0.388119,0.027953,0.007881,0.024229
gsm8k_ver1_vs_gpqa_ver1,v,27,8,1,8,0.06479,0.026506,0.060098,0.424936,0.063498,0.407613,0.027224,0.007882,0.027003
gsm8k_ver1_vs_gpqa_ver1,v,28,8,1,8,0.040227,0.015645,0.037522,0.391825,0.068329,0.389462,0.022856,0.008972,0.02155
gsm8k_ver1_vs_gpqa_ver1,v,29,8,1,8,0.102384,0.107909,0.05751,0.422044,0.077701,0.388626,0.043519,0.052675,0.023738
gsm8k_ver1_vs_gpqa_ver1,v,30,8,1,8,0.061082,0.056728,0.029815,0.385472,0.063258,0.400696,0.030574,0.018602,0.028937
gsm8k_ver1_vs_gpqa_ver1,v,31,8,1,8,0.072102,0.065211,0.046276,0.383112,0.082832,0.377195,0.031176,0.016439,0.028935
gsm8k_ver1_vs_gpqa_ver1,v,32,8,1,8,0.083782,0.072095,0.055067,0.400051,0.077138,0.393328,0.02781,0.018748,0.022126
gsm8k_ver1_vs_gpqa_ver1,v,33,8,1,8,0.034584,0.007735,0.034128,0.384905,0.054886,0.400785,0.023116,0.011071,0.018476
gsm8k_ver1_vs_gpqa_ver1,v,34,8,1,8,0.055036,0.050178,0.033647,0.392686,0.04291,0.406628,0.021625,0.012866,0.014582
gsm8k_ver1_vs_gpqa_ver1,v,35,8,1,8,0.044106,0.036464,0.023398,0.399524,0.02112,0.404169,0.018166,0.014701,0.011103
gsm8k_ver1_vs_gpqa_ver1,v,36,8,1,8,0.086523,0.077901,0.069793,0.392119,0.066264,0.373075,0.023767,0.008511,0.027394
gsm8k_ver1_vs_gpqa_ver1,v,37,8,1,8,0.104622,0.113021,0.055109,0.420858,0.08529,0.383355,0.035948,0.038343,0.022328
gsm8k_ver1_vs_gpqa_ver1,v,38,8,1,8,0.084568,0.102364,0.036351,0.396878,0.090231,0.359201,0.022515,0.008519,0.023054
gsm8k_ver1_vs_gpqa_ver1,v,39,8,1,8,0.100696,0.11025,0.04445,0.393209,0.115719,0.350354,0.033346,0.011906,0.031714
