pair,layer_from,layer_to,delta_maxmatch_cosine,delta_mmd_rbf
gpqa_orgn_vs_gpqa_ver1,0,1,0.285865,0.014257
gpqa_orgn_vs_gpqa_ver1,1,2,0.015721,-0.006269
gpqa_orgn_vs_gpqa_ver1,2,3,-0.02535,-0.004182
gpqa_orgn_vs_gpqa_ver1,3,4,-0.021413,0.002772
gpqa_orgn_vs_gpqa_ver1,4,5,0.01095,-0.002184
gpqa_orgn_vs_gpqa_ver1,5,6,-0.033503,0.002008
gpqa_orgn_vs_gpqa_ver1,6,7,-0.021849,-0.003946
gpqa_orgn_vs_gpqa_ver1,7,8,0.047181,-0.000575
gpqa_orgn_vs_gpqa_ver1,8,9,-0.020098,-0.00063
gpqa_orgn_vs_gpqa_ver1,9,10,-0.01051,-0.001405
gpqa_orgn_vs_gpqa_ver1,10,11,-0.042607,0.002759
gpqa_orgn_vs_gpqa_ver1,11,12,-0.000223,-0.00451
gpqa_orgn_vs_gpqa_ver1,12,13,-0.017534,-0.000183
gpqa_orgn_vs_gpqa_ver1,13,14,-0.015515,0.00045
gpqa_orgn_vs_gpqa_ver1,14,15,0.00552,0.000981
gpqa_orgn_vs_gpqa_ver1,15,16,-0.003064,0.000429
gpqa_orgn_vs_gpqa_ver1,16,17,0.011358,-0.000632
gpqa_orgn_vs_gpqa_ver1,17,18,-0.005209,0.000252
gpqa_orgn_vs_gpqa_ver1,18,19,0.009366,0.000822
gpqa_orgn_vs_gpqa_ver1,19,20,-0.010196,-0.000748
gpqa_orgn_vs_gpqa_ver1,20,21,0.023753,-0.000138
gpqa_orgn_vs_gpqa_ver1,21,22,-0.005609,0.000443
gpqa_orgn_vs_gpqa_ver1,22,23,0.009468,0.000145
gpqa_orgn_vs_gpqa_ver1,23,24,0.005419,-0.000499
gpqa_orgn_vs_gpqa_ver1,24,25,-0.006113,0.001195
gpqa_orgn_vs_gpqa_ver1,25,26,0.012288,0.000867
gpqa_orgn_vs_gpqa_ver1,26,27,0.00922,0.001262
gpqa_orgn_vs_gpqa_ver1,27,28,-0.012404,0.000794
gpqa_orgn_vs_gpqa_ver1,28,29,-0.02409,-0.001589
gpqa_orgn_vs_gpqa_ver1,29,30,-0.004365,0.004287
gpqa_orgn_vs_gpqa_ver1,30,31,0.00515,-0.001761
gpqa_orgn_vs_gpqa_ver1,31,32,0.01205,-0.000523
gpqa_orgn_vs_gpqa_ver1,32,33,0.01339,0.001904
gpqa_orgn_vs_gpqa_ver1,33,34,0.008236,-0.000618
gpqa_orgn_vs_gpqa_ver1,34,35,-0.011374,-0.00042
gpqa_orgn_vs_gpqa_ver1,35,36,0.025479,0.002878
gpqa_orgn_vs_gpqa_ver1,36,37,0.000174,0.005247
gpqa_orgn_vs_gpqa_ver1,37,38,0.012593,0.01189
gpqa_orgn_vs_gpqa_ver1,38,39,0.062444,0.031989
gpqa_orgn_vs_gpqa_ver1,39,40,-0.197058,0.313694
gsm8k_orgn_vs_gpqa_orgn,0,1,0.282579,0.011584
gsm8k_orgn_vs_gpqa_orgn,1,2,0.00139,0.000184
gsm8k_orgn_vs_gpqa_orgn,2,3,-0.025539,-0.003387
gsm8k_orgn_vs_gpqa_orgn,3,4,-0.024569,0.006046
gsm8k_orgn_vs_gpqa_orgn,4,5,-0.007829,0.00449
gsm8k_orgn_vs_gpqa_orgn,5,6,-0.026122,-0.00361
gsm8k_orgn_vs_gpqa_orgn,6,7,-0.036009,0.006081
gsm8k_orgn_vs_gpqa_orgn,7,8,0.009939,0.006858
gsm8k_orgn_vs_gpqa_orgn,8,9,-0.000136,-0.005354
gsm8k_orgn_vs_gpqa_orgn,9,10,-0.025351,-0.004425
gsm8k_orgn_vs_gpqa_orgn,10,11,-0.015111,-0.002517
gsm8k_orgn_vs_gpqa_orgn,11,12,-0.061708,0.004172
gsm8k_orgn_vs_gpqa_orgn,12,13,-0.025371,0.00591
gsm8k_orgn_vs_gpqa_orgn,13,14,-0.011144,-0.001028
gsm8k_orgn_vs_gpqa_orgn,14,15,-0.001334,0.001067
gsm8k_orgn_vs_gpqa_orgn,15,16,0.006062,0.002373
gsm8k_orgn_vs_gpqa_orgn,16,17,0.023482,0.000213
gsm8k_orgn_vs_gpqa_orgn,17,18,0.003359,0.004598
gsm8k_orgn_vs_gpqa_orgn,18,19,0.004035,-0.001707
gsm8k_orgn_vs_gpqa_orgn,19,20,-0.002212,-0.001198
gsm8k_orgn_vs_gpqa_orgn,20,21,0.048053,-0.000557
gsm8k_orgn_vs_gpqa_orgn,21,22,-0.02069,0.003071
gsm8k_orgn_vs_gpqa_orgn,22,23,0.011502,0.001706
gsm8k_orgn_vs_gpqa_orgn,23,24,0.025845,-0.003286
gsm8k_orgn_vs_gpqa_orgn,24,25,-0.017093,0.004691
gsm8k_orgn_vs_gpqa_orgn,25,26,0.006972,0.004217
gsm8k_orgn_vs_gpqa_orgn,26,27,-0.005726,-0.001296
gsm8k_orgn_vs_gpqa_orgn,27,28,0.002098,-0.003603
gsm8k_orgn_vs_gpqa_orgn,28,29,-0.017984,-0.00262
gsm8k_orgn_vs_gpqa_orgn,29,30,-0.011944,0.002784
gsm8k_orgn_vs_gpqa_orgn,30,31,0.020385,-0.000157
gsm8k_orgn_vs_gpqa_orgn,31,32,-0.00025,-0.002348
gsm8k_orgn_vs_gpqa_orgn,32,33,0.00042,-0.000136
gsm8k_orgn_vs_gpqa_orgn,33,34,0.036523,-0.003797
gsm8k_orgn_vs_gpqa_orgn,34,35,-0.004328,-0.002698
gsm8k_orgn_vs_gpqa_orgn,35,36,0.018953,0.000552
gsm8k_orgn_vs_gpqa_orgn,36,37,0.030567,0.001242
gsm8k_orgn_vs_gpqa_orgn,37,38,0.027748,0.002201
gsm8k_orgn_vs_gpqa_orgn,38,39,0.074748,0.006562
gsm8k_orgn_vs_gpqa_orgn,39,40,-0.080009,0.028038
gsm8k_orgn_vs_gpqa_ver1,0,1,0.352233,0.004511
gsm8k_orgn_vs_gpqa_ver1,1,2,0.011789,-0.001317
gsm8k_orgn_vs_gpqa_ver1,2,3,-0.023786,0.002463
gsm8k_orgn_vs_gpqa_ver1,3,4,-0.024676,0.0077
gsm8k_orgn_vs_gpqa_ver1,4,5,0.006772,0.001602
gsm8k_orgn_vs_gpqa_ver1,5,6,-0.033043,-0.001073
gsm8k_orgn_vs_gpqa_ver1,6,7,-0.036923,0.009019
gsm8k_orgn_vs_gpqa_ver1,7,8,0.024668,0.001021
gsm8k_orgn_vs_gpqa_ver1,8,9,-0.002521,-0.001924
gsm8k_orgn_vs_gpqa_ver1,9,10,0.000203,-0.004644
gsm8k_orgn_vs_gpqa_ver1,10,11,-0.053353,-0.004049
gsm8k_orgn_vs_gpqa_ver1,11,12,-0.028715,0.003109
gsm8k_orgn_vs_gpqa_ver1,12,13,-0.030833,0.005686
gsm8k_orgn_vs_gpqa_ver1,13,14,-0.028937,0.001343
gsm8k_orgn_vs_gpqa_ver1,14,15,0.025626,0.001373
gsm8k_orgn_vs_gpqa_ver1,15,16,0.003121,0.001727
gsm8k_orgn_vs_gpqa_ver1,16,17,0.011167,0.001015
gsm8k_orgn_vs_gpqa_ver1,17,18,0.002201,0.00402
gsm8k_orgn_vs_gpqa_ver1,18,19,0.001831,0.000545
gsm8k_orgn_vs_gpqa_ver1,19,20,0.002376,-0.004338
gsm8k_orgn_vs_gpqa_ver1,20,21,0.048221,0.00084
gsm8k_orgn_vs_gpqa_ver1,21,22,-0.024981,0.001392
gsm8k_orgn_vs_gpqa_ver1,22,23,0.017258,0.002822
gsm8k_orgn_vs_gpqa_ver1,23,24,0.018495,-0.002735
gsm8k_orgn_vs_gpqa_ver1,24,25,-0.020348,0.004729
gsm8k_orgn_vs_gpqa_ver1,25,26,0.02126,0.004185
gsm8k_orgn_vs_gpqa_ver1,26,27,-0.008289,0.001411
gsm8k_orgn_vs_gpqa_ver1,27,28,-0.012197,-0.00337
gsm8k_orgn_vs_gpqa_ver1,28,29,-0.014533,-0.003228
gsm8k_orgn_vs_gpqa_ver1,29,30,-0.00481,0.007179
gsm8k_orgn_vs_gpqa_ver1,30,31,0.006471,-0.001215
gsm8k_orgn_vs_gpqa_ver1,31,32,0.018598,-0.00394
gsm8k_orgn_vs_gpqa_ver1,32,33,0.014999,-0.000935
gsm8k_orgn_vs_gpqa_ver1,33,34,-0.007041,-0.002368
gsm8k_orgn_vs_gpqa_ver1,34,35,0.00935,-0.000477
gsm8k_orgn_vs_gpqa_ver1,35,36,0.024701,0.00146
gsm8k_orgn_vs_gpqa_ver1,36,37,0.026487,0.008111
gsm8k_orgn_vs_gpqa_ver1,37,38,0.015331,0.01539
gsm8k_orgn_vs_gpqa_ver1,38,39,0.081399,0.038478
gsm8k_orgn_vs_gpqa_ver1,39,40,-0.308545,0.408384
gsm8k_orgn_vs_gsm8k_ver1,0,1,0.385595,0.020468
gsm8k_orgn_vs_gsm8k_ver1,1,2,0.00655,0.00421
gsm8k_orgn_vs_gsm8k_ver1,2,3,-0.024445,-0.008273
gsm8k_orgn_vs_gsm8k_ver1,3,4,0.009005,-0.001671
gsm8k_orgn_vs_gsm8k_ver1,4,5,-0.006861,-0.007876
gsm8k_orgn_vs_gsm8k_ver1,5,6,-0.01241,0.003432
gsm8k_orgn_vs_gsm8k_ver1,6,7,-0.02107,0.00295
gsm8k_orgn_vs_gsm8k_ver1,7,8,0.018276,-0.003322
gsm8k_orgn_vs_gsm8k_ver1,8,9,0.00233,0.001417
gsm8k_orgn_vs_gsm8k_ver1,9,10,0.001507,-0.007929
gsm8k_orgn_vs_gsm8k_ver1,10,11,-0.020883,-0.00477
gsm8k_orgn_vs_gsm8k_ver1,11,12,-0.027395,-0.004754
gsm8k_orgn_vs_gsm8k_ver1,12,13,-0.047005,0.001835
gsm8k_orgn_vs_gsm8k_ver1,13,14,0.021855,0.000141
gsm8k_orgn_vs_gsm8k_ver1,14,15,0.010021,0.001155
gsm8k_orgn_vs_gsm8k_ver1,15,16,0.008803,0.001056
gsm8k_orgn_vs_gsm8k_ver1,16,17,0.004895,0.000917
gsm8k_orgn_vs_gsm8k_ver1,17,18,0.018867,-0.001298
gsm8k_orgn_vs_gsm8k_ver1,18,19,0.003014,0.000919
gsm8k_orgn_vs_gsm8k_ver1,19,20,-0.015083,-0.000831
gsm8k_orgn_vs_gsm8k_ver1,20,21,0.049845,0.000752
gsm8k_orgn_vs_gsm8k_ver1,21,22,-0.022616,-0.000292
gsm8k_orgn_vs_gsm8k_ver1,22,23,0.015446,0.000624
gsm8k_orgn_vs_gsm8k_ver1,23,24,0.020966,0.000268
gsm8k_orgn_vs_gsm8k_ver1,24,25,-0.014935,0.001381
gsm8k_orgn_vs_gsm8k_ver1,25,26,0.001788,0.004417
gsm8k_orgn_vs_gsm8k_ver1,26,27,-0.000434,0.003701
gsm8k_orgn_vs_gsm8k_ver1,27,28,-0.013839,-0.002116
gsm8k_orgn_vs_gsm8k_ver1,28,29,-0.011842,-0.00117
gsm8k_orgn_vs_gsm8k_ver1,29,30,-0.017899,0.004535
gsm8k_orgn_vs_gsm8k_ver1,30,31,0.013993,-0.000107
gsm8k_orgn_vs_gsm8k_ver1,31,32,0.010885,0.002397
gsm8k_orgn_vs_gsm8k_ver1,32,33,0.005869,0.003025
gsm8k_orgn_vs_gsm8k_ver1,33,34,-0.001746,0.000686
gsm8k_orgn_vs_gsm8k_ver1,34,35,0.017313,0.001437
gsm8k_orgn_vs_gsm8k_ver1,35,36,0.013123,0.004885
gsm8k_orgn_vs_gsm8k_ver1,36,37,0.016307,0.009566
gsm8k_orgn_vs_gsm8k_ver1,37,38,0.013303,0.023421
gsm8k_orgn_vs_gsm8k_ver1,38,39,0.069378,0.041559
gsm8k_orgn_vs_gsm8k_ver1,39,40,-0.47805,0.516626
gsm8k_ver1_vs_gpqa_orgn,0,1,0.387949,0.054442
gsm8k_ver1_vs_gpqa_orgn,1,2,0.008186,0.006979
gsm8k_ver1_vs_gpqa_orgn,2,3,-0.037213,-0.02024
gsm8k_ver1_vs_gpqa_orgn,3,4,-0.00199,-0.010688
gsm8k_ver1_vs_gpqa_orgn,4,5,0.004684,0.003463
gsm8k_ver1_vs_gpqa_orgn,5,6,-0.039867,-0.001124
gsm8k_ver1_vs_gpqa_orgn,6,7,-0.035641,-0.005325
gsm8k_ver1_vs_gpqa_orgn,7,8,0.012047,0.014393
gsm8k_ver1_vs_gpqa_orgn,8,9,-0.005102,-0.00853
gsm8k_ver1_vs_gpqa_orgn,9,10,-0.010659,-0.011837
gsm8k_ver1_vs_gpqa_orgn,10,11,-0.004042,-0.003176
gsm8k_ver1_vs_gpqa_orgn,11,12,-0.042054,0.000569
gsm8k_ver1_vs_gpqa_orgn,12,13,-0.041569,0.008885
gsm8k_ver1_vs_gpqa_orgn,13,14,-0.005823,-0.002238
gsm8k_ver1_vs_gpqa_orgn,14,15,-7.8e-05,0.000354
gsm8k_ver1_vs_gpqa_orgn,15,16,0.004474,0.002999
gsm8k_ver1_vs_gpqa_orgn,16,17,0.01741,0.000399
gsm8k_ver1_vs_gpqa_orgn,17,18,0.015054,0.002181
gsm8k_ver1_vs_gpqa_orgn,18,19,0.006235,0.001291
gsm8k_ver1_vs_gpqa_orgn,19,20,-0.007672,-0.001484
gsm8k_ver1_vs_gpqa_orgn,20,21,0.057349,-0.005206
gsm8k_ver1_vs_gpqa_orgn,21,22,-0.03219,0.00377
gsm8k_ver1_vs_gpqa_orgn,22,23,0.00921,0.00357
gsm8k_ver1_vs_gpqa_orgn,23,24,0.028334,-0.003176
gsm8k_ver1_vs_gpqa_orgn,24,25,-0.014171,0.006625
gsm8k_ver1_vs_gpqa_orgn,25,26,-0.001835,0.002322
gsm8k_ver1_vs_gpqa_orgn,26,27,0.002649,0.005942
gsm8k_ver1_vs_gpqa_orgn,27,28,0.002344,-0.008213
gsm8k_ver1_vs_gpqa_orgn,28,29,-0.025728,-0.003372
gsm8k_ver1_vs_gpqa_orgn,29,30,-0.013848,0.004075
gsm8k_ver1_vs_gpqa_orgn,30,31,0.016805,-0.003732
gsm8k_ver1_vs_gpqa_orgn,31,32,0.010816,0.003523
gsm8k_ver1_vs_gpqa_orgn,32,33,0.001887,-0.000503
gsm8k_ver1_vs_gpqa_orgn,33,34,0.045122,-0.003816
gsm8k_ver1_vs_gpqa_orgn,34,35,-0.016885,0.001683
gsm8k_ver1_vs_gpqa_orgn,35,36,0.035369,0.000744
gsm8k_ver1_vs_gpqa_orgn,36,37,0.010761,0.004537
gsm8k_ver1_vs_gpqa_orgn,37,38,0.024252,0.017651
gsm8k_ver1_vs_gpqa_orgn,38,39,0.074272,0.038999
gsm8k_ver1_vs_gpqa_orgn,39,40,-0.34315,0.40067
gsm8k_ver1_vs_gpqa_ver1,0,1,0.290295,0.012859
gsm8k_ver1_vs_gpqa_ver1,1,2,-0.002558,0.010746
gsm8k_ver1_vs_gpqa_ver1,2,3,-0.027329,-0.000947
gsm8k_ver1_vs_gpqa_ver1,3,4,-0.008711,-0.01004
gsm8k_ver1_vs_gpqa_ver1,4,5,0.011836,0.007462
gsm8k_ver1_vs_gpqa_ver1,5,6,-0.044525,-0.005103
gsm8k_ver1_vs_gpqa_ver1,6,7,-0.024003,0.003786
gsm8k_ver1_vs_gpqa_ver1,7,8,0.014598,0.011431
gsm8k_ver1_vs_gpqa_ver1,8,9,-0.013457,-0.004349
gsm8k_ver1_vs_gpqa_ver1,9,10,0.009504,1.3e-05
gsm8k_ver1_vs_gpqa_ver1,10,11,-0.041052,-0.01234
gsm8k_ver1_vs_gpqa_ver1,11,12,-0.017213,0.007216
gsm8k_ver1_vs_gpqa_ver1,12,13,-0.044533,0.008285
gsm8k_ver1_vs_gpqa_ver1,13,14,-0.016754,-0.001372
gsm8k_ver1_vs_gpqa_ver1,14,15,0.024587,-0.00087
gsm8k_ver1_vs_gpqa_ver1,15,16,0.003998,0.001468
gsm8k_ver1_vs_gpqa_ver1,16,17,0.00549,0.000382
gsm8k_ver1_vs_gpqa_ver1,17,18,0.01527,0.003027
gsm8k_ver1_vs_gpqa_ver1,18,19,-0.001641,0.00187
gsm8k_ver1_vs_gpqa_ver1,19,20,0.002175,-0.003904
gsm8k_ver1_vs_gpqa_ver1,20,21,0.048317,-0.003242
gsm8k_ver1_vs_gpqa_ver1,21,22,-0.029796,0.002396
gsm8k_ver1_vs_gpqa_ver1,22,23,0.020001,0.003535
gsm8k_ver1_vs_gpqa_ver1,23,24,0.016861,-0.003377
gsm8k_ver1_vs_gpqa_ver1,24,25,-0.013975,0.005405
gsm8k_ver1_vs_gpqa_ver1,25,26,0.013497,-0.001166
gsm8k_ver1_vs_gpqa_ver1,26,27,-0.001065,0.004104
gsm8k_ver1_vs_gpqa_ver1,27,28,-0.007022,-0.007657
gsm8k_ver1_vs_gpqa_ver1,28,29,-0.021981,-0.000553
gsm8k_ver1_vs_gpqa_ver1,29,30,0.003377,0.00136
gsm8k_ver1_vs_gpqa_ver1,30,31,-0.006685,-0.002026
gsm8k_ver1_vs_gpqa_ver1,31,32,0.023647,0.003263
gsm8k_ver1_vs_gpqa_ver1,32,33,0.019486,-0.003264
gsm8k_ver1_vs_gpqa_ver1,33,34,-0.007618,-0.001643
gsm8k_ver1_vs_gpqa_ver1,34,35,0.009149,0.002966
gsm8k_ver1_vs_gpqa_ver1,35,36,0.039399,-0.003797
gsm8k_ver1_vs_gpqa_ver1,36,37,0.012877,0.001525
gsm8k_ver1_vs_gpqa_ver1,37,38,0.033369,0.005001
gsm8k_ver1_vs_gpqa_ver1,38,39,0.085147,0.002806
gsm8k_ver1_vs_gpqa_ver1,39,40,-0.043084,0.017579
