pair,layer,head,n_rows,n_layers,n_heads,mean_pairwise_cosine_mean,mean_pairwise_cosine_std,mean_pairwise_cosine_median,maxmatch_cosine_mean,maxmatch_cosine_std,maxmatch_cosine_median,mmd_rbf_mean,mmd_rbf_std,mmd_rbf_median,l2_mean_mean,l2_mean_std,l2_mean_median
gpqa_orgn_vs_gpqa_ver1,3,32,1,1,1,0.093129,,0.093129,0.375143,,0.375143,0.312833,,0.312833,0.40658,,0.40658
gpqa_orgn_vs_gpqa_ver1,24,5,1,1,1,0.078553,,0.078553,0.408218,,0.408218,0.006261,,0.006261,11.019975,,11.019975
gpqa_orgn_vs_gpqa_ver1,13,22,1,1,1,0.044365,,0.044365,0.40986,,0.40986,0.010154,,0.010154,3.021017,,3.021017
gpqa_orgn_vs_gpqa_ver1,3,34,1,1,1,0.093938,,0.093938,0.411263,,0.411263,0.168323,,0.168323,0.365616,,0.365616
gpqa_orgn_vs_gpqa_ver1,38,20,1,1,1,0.056407,,0.056407,0.458691,,0.458691,0.008668,,0.008668,49.365465,,49.365465
gpqa_orgn_vs_gpqa_ver1,3,33,1,1,1,0.101039,,0.101039,0.458841,,0.458841,0.083594,,0.083594,0.386545,,0.386545
gpqa_orgn_vs_gpqa_ver1,13,19,1,1,1,0.049971,,0.049971,0.461972,,0.461972,0.00571,,0.00571,3.478105,,3.478105
gpqa_orgn_vs_gpqa_ver1,34,27,1,1,1,0.073218,,0.073218,0.476542,,0.476542,0.009131,,0.009131,19.790212,,19.790212
gpqa_orgn_vs_gpqa_ver1,39,6,1,1,1,0.071748,,0.071748,0.477643,,0.477643,0.012789,,0.012789,23.497223,,23.497223
gpqa_orgn_vs_gpqa_ver1,20,0,1,1,1,0.103898,,0.103898,0.479249,,0.479249,0.009484,,0.009484,3.779377,,3.779377
gpqa_orgn_vs_gpqa_ver1,4,36,1,1,1,0.035227,,0.035227,0.480005,,0.480005,0.005393,,0.005393,0.699798,,0.699798
gpqa_orgn_vs_gpqa_ver1,14,12,1,1,1,0.068391,,0.068391,0.48027,,0.48027,0.007669,,0.007669,2.880734,,2.880734
gpqa_orgn_vs_gpqa_ver1,6,18,1,1,1,0.037831,,0.037831,0.483131,,0.483131,0.009478,,0.009478,0.908533,,0.908533
gpqa_orgn_vs_gpqa_ver1,19,13,1,1,1,0.057014,,0.057014,0.486264,,0.486264,0.005896,,0.005896,3.835601,,3.835601
gpqa_orgn_vs_gpqa_ver1,6,15,1,1,1,0.050998,,0.050998,0.490067,,0.490067,0.008663,,0.008663,0.815476,,0.815476
gpqa_orgn_vs_gpqa_ver1,11,5,1,1,1,0.063235,,0.063235,0.491058,,0.491058,0.007739,,0.007739,2.406888,,2.406888
gpqa_orgn_vs_gpqa_ver1,36,11,1,1,1,0.094676,,0.094676,0.492943,,0.492943,0.01104,,0.01104,27.703949,,27.703949
gpqa_orgn_vs_gpqa_ver1,14,29,1,1,1,0.087391,,0.087391,0.493126,,0.493126,0.006963,,0.006963,4.555174,,4.555174
gpqa_orgn_vs_gpqa_ver1,39,31,1,1,1,0.081557,,0.081557,0.496207,,0.496207,0.023679,,0.023679,25.299687,,25.299687
gpqa_orgn_vs_gpqa_ver1,3,31,1,1,1,0.08251,,0.08251,0.497851,,0.497851,0.049056,,0.049056,0.359002,,0.359002
gsm8k_orgn_vs_gpqa_orgn,13,25,1,1,1,0.014921,,0.014921,0.286173,,0.286173,0.040548,,0.040548,3.083268,,3.083268
gsm8k_orgn_vs_gpqa_orgn,13,22,1,1,1,0.030338,,0.030338,0.298256,,0.298256,0.023044,,0.023044,3.093959,,3.093959
gsm8k_orgn_vs_gpqa_orgn,24,20,1,1,1,0.020443,,0.020443,0.302458,,0.302458,0.19624,,0.19624,5.904361,,5.904361
gsm8k_orgn_vs_gpqa_orgn,11,13,1,1,1,0.013283,,0.013283,0.303982,,0.303982,0.094024,,0.094024,2.163599,,2.163599
gsm8k_orgn_vs_gpqa_orgn,13,8,1,1,1,0.010554,,0.010554,0.306648,,0.306648,0.035618,,0.035618,3.856698,,3.856698
gsm8k_orgn_vs_gpqa_orgn,24,22,1,1,1,-0.002029,,-0.002029,0.307425,,0.307425,0.139564,,0.139564,6.506565,,6.506565
gsm8k_orgn_vs_gpqa_orgn,13,19,1,1,1,0.027009,,0.027009,0.312217,,0.312217,0.036336,,0.036336,3.628084,,3.628084
gsm8k_orgn_vs_gpqa_orgn,14,4,1,1,1,0.007985,,0.007985,0.315136,,0.315136,0.059271,,0.059271,2.787639,,2.787639
gsm8k_orgn_vs_gpqa_orgn,31,4,1,1,1,-0.034224,,-0.034224,0.319648,,0.319648,0.104362,,0.104362,7.695678,,7.695678
gsm8k_orgn_vs_gpqa_orgn,38,20,1,1,1,0.051781,,0.051781,0.322595,,0.322595,0.039072,,0.039072,44.103131,,44.103131
gsm8k_orgn_vs_gpqa_orgn,34,27,1,1,1,0.056104,,0.056104,0.322596,,0.322596,0.028465,,0.028465,17.649471,,17.649471
gsm8k_orgn_vs_gpqa_orgn,10,19,1,1,1,0.052458,,0.052458,0.324563,,0.324563,0.032252,,0.032252,1.41026,,1.41026
gsm8k_orgn_vs_gpqa_orgn,11,0,1,1,1,0.014447,,0.014447,0.325638,,0.325638,0.028523,,0.028523,1.911311,,1.911311
gsm8k_orgn_vs_gpqa_orgn,21,33,1,1,1,0.038412,,0.038412,0.328311,,0.328311,0.148833,,0.148833,3.8022,,3.8022
gsm8k_orgn_vs_gpqa_orgn,7,25,1,1,1,0.037542,,0.037542,0.329304,,0.329304,0.029962,,0.029962,1.040627,,1.040627
gsm8k_orgn_vs_gpqa_orgn,11,19,1,1,1,0.046655,,0.046655,0.33296,,0.33296,0.021876,,0.021876,2.356045,,2.356045
gsm8k_orgn_vs_gpqa_orgn,38,22,1,1,1,0.045842,,0.045842,0.335391,,0.335391,0.05785,,0.05785,42.181804,,42.181804
gsm8k_orgn_vs_gpqa_orgn,15,18,1,1,1,0.013609,,0.013609,0.335937,,0.335937,0.058036,,0.058036,2.866161,,2.866161
gsm8k_orgn_vs_gpqa_orgn,39,5,1,1,1,0.059355,,0.059355,0.33754,,0.33754,0.064795,,0.064795,26.597975,,26.597975
gsm8k_orgn_vs_gpqa_orgn,39,6,1,1,1,0.037471,,0.037471,0.339289,,0.339289,0.0428,,0.0428,27.435135,,27.435135
gsm8k_orgn_vs_gpqa_ver1,24,20,1,1,1,0.021092,,0.021092,0.280027,,0.280027,0.209398,,0.209398,5.975453,,5.975453
gsm8k_orgn_vs_gpqa_ver1,13,25,1,1,1,0.016287,,0.016287,0.283221,,0.283221,0.038404,,0.038404,3.152395,,3.152395
gsm8k_orgn_vs_gpqa_ver1,13,22,1,1,1,0.025907,,0.025907,0.289146,,0.289146,0.028115,,0.028115,3.016332,,3.016332
gsm8k_orgn_vs_gpqa_ver1,3,32,1,1,1,0.055699,,0.055699,0.290246,,0.290246,0.337191,,0.337191,0.42177,,0.42177
gsm8k_orgn_vs_gpqa_ver1,13,8,1,1,1,0.004843,,0.004843,0.29711,,0.29711,0.038289,,0.038289,3.900403,,3.900403
gsm8k_orgn_vs_gpqa_ver1,39,5,1,1,1,0.048882,,0.048882,0.298812,,0.298812,0.078485,,0.078485,27.577959,,27.577959
gsm8k_orgn_vs_gpqa_ver1,36,22,1,1,1,0.06038,,0.06038,0.304011,,0.304011,0.092037,,0.092037,18.764086,,18.764086
gsm8k_orgn_vs_gpqa_ver1,24,22,1,1,1,-0.003125,,-0.003125,0.307775,,0.307775,0.142771,,0.142771,6.584785,,6.584785
gsm8k_orgn_vs_gpqa_ver1,38,20,1,1,1,0.044484,,0.044484,0.309642,,0.309642,0.03181,,0.03181,43.061829,,43.061829
gsm8k_orgn_vs_gpqa_ver1,11,13,1,1,1,0.012782,,0.012782,0.311688,,0.311688,0.085113,,0.085113,2.049677,,2.049677
gsm8k_orgn_vs_gpqa_ver1,34,27,1,1,1,0.052446,,0.052446,0.313225,,0.313225,0.039526,,0.039526,18.591848,,18.591848
gsm8k_orgn_vs_gpqa_ver1,14,4,1,1,1,0.006501,,0.006501,0.313394,,0.313394,0.059171,,0.059171,2.832834,,2.832834
gsm8k_orgn_vs_gpqa_ver1,10,19,1,1,1,0.051565,,0.051565,0.316591,,0.316591,0.035094,,0.035094,1.462644,,1.462644
gsm8k_orgn_vs_gpqa_ver1,13,19,1,1,1,0.026856,,0.026856,0.317071,,0.317071,0.037594,,0.037594,3.662044,,3.662044
gsm8k_orgn_vs_gpqa_ver1,39,31,1,1,1,0.065157,,0.065157,0.317307,,0.317307,0.051191,,0.051191,25.321037,,25.321037
gsm8k_orgn_vs_gpqa_ver1,39,1,1,1,1,0.060865,,0.060865,0.321152,,0.321152,0.073224,,0.073224,30.489515,,30.489515
gsm8k_orgn_vs_gpqa_ver1,14,7,1,1,1,0.057885,,0.057885,0.322016,,0.322016,0.102574,,0.102574,2.033078,,2.033078
gsm8k_orgn_vs_gpqa_ver1,38,22,1,1,1,0.040086,,0.040086,0.322186,,0.322186,0.060521,,0.060521,41.381869,,41.381869
gsm8k_orgn_vs_gpqa_ver1,39,6,1,1,1,0.029529,,0.029529,0.322476,,0.322476,0.059791,,0.059791,26.427888,,26.427888
gsm8k_orgn_vs_gpqa_ver1,38,16,1,1,1,0.058834,,0.058834,0.323471,,0.323471,0.058114,,0.058114,33.690661,,33.690661
gsm8k_orgn_vs_gsm8k_ver1,3,32,1,1,1,0.090151,,0.090151,0.328753,,0.328753,0.494409,,0.494409,0.532268,,0.532268
gsm8k_orgn_vs_gsm8k_ver1,13,22,1,1,1,0.057454,,0.057454,0.372297,,0.372297,0.019376,,0.019376,3.079044,,3.079044
gsm8k_orgn_vs_gsm8k_ver1,38,20,1,1,1,0.063727,,0.063727,0.396304,,0.396304,0.025557,,0.025557,35.419332,,35.419332
gsm8k_orgn_vs_gsm8k_ver1,3,33,1,1,1,0.087828,,0.087828,0.396331,,0.396331,0.162872,,0.162872,0.462823,,0.462823
gsm8k_orgn_vs_gsm8k_ver1,1,33,1,1,1,0.04241,,0.04241,0.413184,,0.413184,0.045237,,0.045237,0.475841,,0.475841
gsm8k_orgn_vs_gsm8k_ver1,39,31,1,1,1,0.090732,,0.090732,0.413813,,0.413813,0.039134,,0.039134,24.13514,,24.13514
gsm8k_orgn_vs_gsm8k_ver1,39,6,1,1,1,0.079619,,0.079619,0.418456,,0.418456,0.031548,,0.031548,26.65445,,26.65445
gsm8k_orgn_vs_gsm8k_ver1,39,11,1,1,1,0.069596,,0.069596,0.419181,,0.419181,0.023474,,0.023474,42.926206,,42.926206
gsm8k_orgn_vs_gsm8k_ver1,10,19,1,1,1,0.086409,,0.086409,0.429251,,0.429251,0.026647,,0.026647,1.39788,,1.39788
gsm8k_orgn_vs_gsm8k_ver1,0,29,1,1,1,0.087198,,0.087198,0.430387,,0.430387,0.157161,,0.157161,0.17491,,0.17491
gsm8k_orgn_vs_gsm8k_ver1,3,34,1,1,1,0.104683,,0.104683,0.431243,,0.431243,0.176969,,0.176969,0.42248,,0.42248
gsm8k_orgn_vs_gsm8k_ver1,24,5,1,1,1,0.102412,,0.102412,0.431362,,0.431362,0.008613,,0.008613,10.455897,,10.455897
gsm8k_orgn_vs_gsm8k_ver1,0,19,1,1,1,0.053698,,0.053698,0.436852,,0.436852,0.117591,,0.117591,0.346468,,0.346468
gsm8k_orgn_vs_gsm8k_ver1,0,16,1,1,1,0.047796,,0.047796,0.446772,,0.446772,0.105892,,0.105892,0.372083,,0.372083
gsm8k_orgn_vs_gsm8k_ver1,38,23,1,1,1,0.086581,,0.086581,0.448085,,0.448085,0.028361,,0.028361,22.546598,,22.546598
gsm8k_orgn_vs_gsm8k_ver1,34,27,1,1,1,0.08518,,0.08518,0.451707,,0.451707,0.022868,,0.022868,15.051873,,15.051873
gsm8k_orgn_vs_gsm8k_ver1,0,28,1,1,1,0.082445,,0.082445,0.452075,,0.452075,0.154678,,0.154678,0.170783,,0.170783
gsm8k_orgn_vs_gsm8k_ver1,0,30,1,1,1,0.087905,,0.087905,0.452534,,0.452534,0.03718,,0.03718,0.252628,,0.252628
gsm8k_orgn_vs_gsm8k_ver1,38,22,1,1,1,0.07396,,0.07396,0.453745,,0.453745,0.023931,,0.023931,32.572914,,32.572914
gsm8k_orgn_vs_gsm8k_ver1,39,10,1,1,1,0.121381,,0.121381,0.457517,,0.457517,0.029352,,0.029352,28.932728,,28.932728
gsm8k_ver1_vs_gpqa_orgn,3,32,1,1,1,0.049295,,0.049295,0.260351,,0.260351,0.521372,,0.521372,0.533975,,0.533975
gsm8k_ver1_vs_gpqa_orgn,13,25,1,1,1,0.012592,,0.012592,0.287173,,0.287173,0.036235,,0.036235,3.189938,,3.189938
gsm8k_ver1_vs_gpqa_orgn,13,22,1,1,1,0.022678,,0.022678,0.290887,,0.290887,0.036184,,0.036184,3.160786,,3.160786
gsm8k_ver1_vs_gpqa_orgn,39,31,1,1,1,0.04165,,0.04165,0.298897,,0.298897,0.055188,,0.055188,24.908263,,24.908263
gsm8k_ver1_vs_gpqa_orgn,36,22,1,1,1,0.035762,,0.035762,0.299625,,0.299625,0.113461,,0.113461,17.968491,,17.968491
gsm8k_ver1_vs_gpqa_orgn,38,20,1,1,1,0.031165,,0.031165,0.29988,,0.29988,0.059355,,0.059355,43.130316,,43.130316
gsm8k_ver1_vs_gpqa_orgn,24,20,1,1,1,0.016297,,0.016297,0.307839,,0.307839,0.185889,,0.185889,6.025056,,6.025056
gsm8k_ver1_vs_gpqa_orgn,11,13,1,1,1,0.015079,,0.015079,0.31153,,0.31153,0.086528,,0.086528,2.188988,,2.188988
gsm8k_ver1_vs_gpqa_orgn,39,5,1,1,1,0.064232,,0.064232,0.314086,,0.314086,0.060379,,0.060379,26.402065,,26.402065
gsm8k_ver1_vs_gpqa_orgn,34,27,1,1,1,0.053648,,0.053648,0.314114,,0.314114,0.049614,,0.049614,16.846386,,16.846386
gsm8k_ver1_vs_gpqa_orgn,7,25,1,1,1,0.030592,,0.030592,0.314435,,0.314435,0.022275,,0.022275,1.100479,,1.100479
gsm8k_ver1_vs_gpqa_orgn,39,1,1,1,1,0.051406,,0.051406,0.316488,,0.316488,0.080908,,0.080908,29.513959,,29.513959
gsm8k_ver1_vs_gpqa_orgn,13,8,1,1,1,0.005803,,0.005803,0.31719,,0.31719,0.032366,,0.032366,3.865183,,3.865183
gsm8k_ver1_vs_gpqa_orgn,13,19,1,1,1,0.024533,,0.024533,0.317757,,0.317757,0.036779,,0.036779,3.684116,,3.684116
gsm8k_ver1_vs_gpqa_orgn,38,22,1,1,1,0.032712,,0.032712,0.318806,,0.318806,0.076574,,0.076574,42.076641,,42.076641
gsm8k_ver1_vs_gpqa_orgn,24,22,1,1,1,0.001228,,0.001228,0.32323,,0.32323,0.135601,,0.135601,6.39516,,6.39516
gsm8k_ver1_vs_gpqa_orgn,1,33,1,1,1,0.005944,,0.005944,0.323694,,0.323694,0.087914,,0.087914,0.456731,,0.456731
gsm8k_ver1_vs_gpqa_orgn,38,16,1,1,1,0.039201,,0.039201,0.323818,,0.323818,0.057986,,0.057986,32.578093,,32.578093
gsm8k_ver1_vs_gpqa_orgn,16,18,1,1,1,0.050795,,0.050795,0.33067,,0.33067,0.037809,,0.037809,3.765961,,3.765961
gsm8k_ver1_vs_gpqa_orgn,10,19,1,1,1,0.058962,,0.058962,0.333264,,0.333264,0.041563,,0.041563,1.361365,,1.361365
gsm8k_ver1_vs_gpqa_ver1,24,20,1,1,1,0.020215,,0.020215,0.28301,,0.28301,0.196187,,0.196187,6.085809,,6.085809
gsm8k_ver1_vs_gpqa_ver1,13,25,1,1,1,0.016911,,0.016911,0.302135,,0.302135,0.031424,,0.031424,3.253654,,3.253654
gsm8k_ver1_vs_gpqa_ver1,38,20,1,1,1,0.029353,,0.029353,0.30944,,0.30944,0.044197,,0.044197,41.919456,,41.919456
gsm8k_ver1_vs_gpqa_ver1,13,22,1,1,1,0.035276,,0.035276,0.315123,,0.315123,0.031661,,0.031661,3.057821,,3.057821
gsm8k_ver1_vs_gpqa_ver1,38,22,1,1,1,0.032196,,0.032196,0.319205,,0.319205,0.07477,,0.07477,41.200832,,41.200832
gsm8k_ver1_vs_gpqa_ver1,7,25,1,1,1,0.032658,,0.032658,0.319941,,0.319941,0.022214,,0.022214,1.142439,,1.142439
gsm8k_ver1_vs_gpqa_ver1,13,8,1,1,1,0.002365,,0.002365,0.322161,,0.322161,0.033965,,0.033965,3.906394,,3.906394
gsm8k_ver1_vs_gpqa_ver1,24,22,1,1,1,0.00345,,0.00345,0.323264,,0.323264,0.137518,,0.137518,6.464767,,6.464767
gsm8k_ver1_vs_gpqa_ver1,34,27,1,1,1,0.057078,,0.057078,0.323805,,0.323805,0.061763,,0.061763,17.779604,,17.779604
gsm8k_ver1_vs_gpqa_ver1,39,5,1,1,1,0.074469,,0.074469,0.329946,,0.329946,0.060565,,0.060565,27.1094,,27.1094
gsm8k_ver1_vs_gpqa_ver1,13,19,1,1,1,0.028523,,0.028523,0.331756,,0.331756,0.035511,,0.035511,3.711252,,3.711252
gsm8k_ver1_vs_gpqa_ver1,11,13,1,1,1,0.020374,,0.020374,0.336508,,0.336508,0.074303,,0.074303,2.070609,,2.070609
gsm8k_ver1_vs_gpqa_ver1,7,16,1,1,1,0.032721,,0.032721,0.3369,,0.3369,0.037209,,0.037209,1.403139,,1.403139
gsm8k_ver1_vs_gpqa_ver1,14,4,1,1,1,0.002834,,0.002834,0.338286,,0.338286,0.06551,,0.06551,2.739167,,2.739167
gsm8k_ver1_vs_gpqa_ver1,30,0,1,1,1,0.033079,,0.033079,0.339964,,0.339964,0.027708,,0.027708,5.290312,,5.290312
gsm8k_ver1_vs_gpqa_ver1,15,18,1,1,1,0.006356,,0.006356,0.340299,,0.340299,0.066097,,0.066097,2.703129,,2.703129
gsm8k_ver1_vs_gpqa_ver1,39,1,1,1,1,0.070063,,0.070063,0.341014,,0.341014,0.06872,,0.06872,29.115053,,29.115053
gsm8k_ver1_vs_gpqa_ver1,16,18,1,1,1,0.055669,,0.055669,0.346255,,0.346255,0.033539,,0.033539,3.712963,,3.712963
gsm8k_ver1_vs_gpqa_ver1,24,5,1,1,1,0.065333,,0.065333,0.3473,,0.3473,0.026565,,0.026565,10.906883,,10.906883
gsm8k_ver1_vs_gpqa_ver1,17,32,1,1,1,0.037805,,0.037805,0.351892,,0.351892,0.149653,,0.149653,4.146535,,4.146535
