pair,component,layer,head,n_rows,n_layers,n_heads,mean_pairwise_cosine_mean,mean_pairwise_cosine_std,mean_pairwise_cosine_median,maxmatch_cosine_mean,maxmatch_cosine_std,maxmatch_cosine_median,mmd_rbf_mean,mmd_rbf_std,mmd_rbf_median,head_type
original_vs_version1,k,36,4,15,1,1,0.496733,0.017179,0.503076,0.84401,0.032834,0.845465,0.084623,0.015684,0.086806,kv_head
original_vs_version1,k,37,4,15,1,1,0.626536,0.010279,0.626215,0.881679,0.025909,0.874828,0.079583,0.02042,0.073768,kv_head
original_vs_version1,k,3,6,15,1,1,0.527129,0.01378,0.528982,0.815193,0.032004,0.804125,0.073315,0.020654,0.071046,kv_head
original_vs_version1,k,7,6,15,1,1,0.772623,0.008565,0.774289,0.939784,0.012475,0.936528,0.065751,0.01764,0.06608,kv_head
original_vs_version1,k,37,6,15,1,1,0.401812,0.010883,0.404519,0.76621,0.044057,0.758759,0.065337,0.011461,0.066111,kv_head
original_vs_version1,k,1,1,15,1,1,0.717061,0.01157,0.718112,0.905575,0.018653,0.897626,0.063632,0.019762,0.05964,kv_head
original_vs_version1,k,38,2,15,1,1,0.443983,0.018952,0.438648,0.826094,0.034588,0.824427,0.063419,0.015694,0.060326,kv_head
original_vs_version1,k,38,5,15,1,1,0.64755,0.011991,0.64792,0.890838,0.020381,0.886844,0.062037,0.013127,0.060502,kv_head
original_vs_version1,k,35,7,15,1,1,0.51244,0.012298,0.509102,0.878615,0.026409,0.878907,0.059758,0.008485,0.058611,kv_head
original_vs_version1,k,32,6,15,1,1,0.51174,0.011021,0.509849,0.855506,0.033187,0.850412,0.05847,0.010949,0.056607,kv_head
original_vs_version1,k,32,0,15,1,1,0.500699,0.012489,0.497396,0.88088,0.025801,0.882951,0.057728,0.011215,0.056637,kv_head
original_vs_version1,k,30,1,15,1,1,0.476936,0.014827,0.473598,0.912814,0.016705,0.906678,0.05735,0.022909,0.050467,kv_head
original_vs_version1,k,34,0,15,1,1,0.59386,0.013818,0.596054,0.886352,0.02588,0.874198,0.057197,0.010506,0.055106,kv_head
original_vs_version1,k,4,4,15,1,1,0.719788,0.010091,0.720074,0.925757,0.014611,0.924078,0.057077,0.012336,0.058176,kv_head
original_vs_version1,k,39,4,15,1,1,0.642076,0.015071,0.642434,0.902551,0.020946,0.90373,0.056986,0.013921,0.054015,kv_head
original_vs_version1,k,37,2,15,1,1,0.610953,0.008807,0.613013,0.876785,0.027621,0.871937,0.056886,0.007348,0.058528,kv_head
original_vs_version1,k,39,3,15,1,1,0.69195,0.008163,0.694057,0.920264,0.015619,0.917787,0.056353,0.0097,0.056515,kv_head
original_vs_version1,k,35,5,15,1,1,0.346385,0.010988,0.345824,0.768029,0.050878,0.757218,0.05631,0.007563,0.056735,kv_head
original_vs_version1,k,34,4,15,1,1,0.527092,0.013759,0.528329,0.871012,0.030557,0.867202,0.056065,0.011787,0.055443,kv_head
original_vs_version1,k,33,6,15,1,1,0.568161,0.01257,0.568707,0.895344,0.021419,0.896488,0.055873,0.009887,0.052973,kv_head
original_vs_version1,q,3,34,15,1,1,0.38594,0.022442,0.387051,0.734561,0.045483,0.727835,0.127073,0.030023,0.123883,q_head
original_vs_version1,q,36,23,15,1,1,0.653523,0.012517,0.657088,0.860327,0.025546,0.85541,0.120075,0.040403,0.10816,q_head
original_vs_version1,q,1,6,15,1,1,0.518219,0.008953,0.516634,0.857429,0.027088,0.852479,0.105489,0.045549,0.098571,q_head
original_vs_version1,q,38,29,15,1,1,0.625477,0.022426,0.628697,0.858468,0.021244,0.853806,0.104048,0.023397,0.101745,q_head
original_vs_version1,q,0,27,15,1,1,0.426075,0.043987,0.425281,0.809602,0.038247,0.813529,0.095808,0.03223,0.088214,q_head
original_vs_version1,q,37,32,15,1,1,0.556264,0.010229,0.556887,0.82752,0.032765,0.821639,0.094037,0.025788,0.086796,q_head
original_vs_version1,q,38,26,15,1,1,0.673725,0.010606,0.673929,0.899228,0.019504,0.896217,0.089728,0.026487,0.080552,q_head
original_vs_version1,q,39,7,15,1,1,0.485466,0.013267,0.481988,0.794977,0.034547,0.79936,0.089141,0.018491,0.08177,q_head
original_vs_version1,q,39,4,15,1,1,0.603801,0.010149,0.604355,0.865689,0.0217,0.860347,0.087396,0.027577,0.084178,q_head
original_vs_version1,q,39,33,15,1,1,0.639713,0.015399,0.637462,0.864893,0.023834,0.866649,0.086333,0.017158,0.084548,q_head
original_vs_version1,q,39,39,15,1,1,0.677492,0.015984,0.67671,0.899531,0.020758,0.893919,0.085947,0.021796,0.081555,q_head
original_vs_version1,q,0,17,15,1,1,0.390208,0.018909,0.391509,0.800527,0.03388,0.795338,0.085622,0.01804,0.079895,q_head
original_vs_version1,q,36,38,15,1,1,0.670645,0.009089,0.67005,0.900673,0.018229,0.897704,0.083948,0.030621,0.07123,q_head
original_vs_version1,q,37,34,15,1,1,0.554362,0.011892,0.555298,0.834035,0.029003,0.831412,0.082963,0.019732,0.079846,q_head
original_vs_version1,q,39,34,15,1,1,0.60491,0.013198,0.600707,0.842089,0.028326,0.846719,0.081871,0.015864,0.079891,q_head
original_vs_version1,q,39,15,15,1,1,0.607423,0.013596,0.611653,0.842498,0.032299,0.838859,0.081058,0.019416,0.077856,q_head
original_vs_version1,q,0,24,15,1,1,0.604019,0.009483,0.603119,0.894172,0.024134,0.893319,0.080629,0.021888,0.07867,q_head
original_vs_version1,q,38,10,15,1,1,0.66605,0.013689,0.667004,0.880747,0.021779,0.880303,0.079637,0.019631,0.084544,q_head
original_vs_version1,q,38,25,15,1,1,0.664595,0.006354,0.663759,0.907139,0.016641,0.90399,0.079253,0.01934,0.081601,q_head
original_vs_version1,q,39,16,15,1,1,0.613495,0.013052,0.61353,0.856137,0.02439,0.851817,0.078779,0.014347,0.082272,q_head
original_vs_version1,v,37,4,15,1,1,0.220103,0.014023,0.226515,0.715703,0.03974,0.718006,0.119062,0.031153,0.109356,kv_head
original_vs_version1,v,29,3,15,1,1,0.359347,0.013682,0.361725,0.804677,0.031713,0.806615,0.097567,0.022413,0.097046,kv_head
original_vs_version1,v,7,6,15,1,1,0.156703,0.019176,0.154144,0.744509,0.041904,0.742271,0.080407,0.018393,0.072282,kv_head
original_vs_version1,v,35,7,15,1,1,0.088286,0.006221,0.08823,0.698212,0.038855,0.703352,0.069133,0.015848,0.069708,kv_head
original_vs_version1,v,36,4,15,1,1,0.093356,0.012508,0.091988,0.712415,0.04015,0.69825,0.068843,0.014371,0.072031,kv_head
original_vs_version1,v,39,7,15,1,1,0.290858,0.008568,0.290213,0.811747,0.023814,0.809266,0.068087,0.013035,0.066433,kv_head
original_vs_version1,v,34,0,15,1,1,0.165706,0.010221,0.163393,0.741559,0.038671,0.744035,0.06762,0.012334,0.065415,kv_head
original_vs_version1,v,34,4,15,1,1,0.121005,0.007909,0.119089,0.740132,0.040481,0.735521,0.066739,0.015877,0.060007,kv_head
original_vs_version1,v,25,0,15,1,1,0.124316,0.008808,0.126626,0.75128,0.037074,0.758391,0.066534,0.009179,0.067244,kv_head
original_vs_version1,v,37,7,15,1,1,0.269833,0.012997,0.271137,0.803496,0.03071,0.804094,0.063905,0.015343,0.062046,kv_head
original_vs_version1,v,36,3,15,1,1,0.091716,0.005995,0.089717,0.704355,0.040562,0.704095,0.063289,0.007961,0.064807,kv_head
original_vs_version1,v,38,5,15,1,1,0.102618,0.009465,0.103693,0.674902,0.041252,0.676471,0.062232,0.012219,0.060782,kv_head
original_vs_version1,v,32,0,15,1,1,0.15808,0.010357,0.158136,0.769398,0.032199,0.770537,0.062221,0.011105,0.062905,kv_head
original_vs_version1,v,39,0,15,1,1,0.119438,0.01884,0.115616,0.726911,0.030975,0.721586,0.062182,0.011797,0.058721,kv_head
original_vs_version1,v,39,5,15,1,1,0.30247,0.009328,0.299757,0.79314,0.029832,0.798271,0.061125,0.009443,0.058969,kv_head
original_vs_version1,v,32,6,15,1,1,0.168803,0.006753,0.166244,0.757014,0.035667,0.766698,0.060173,0.010422,0.06154,kv_head
original_vs_version1,v,18,1,15,1,1,0.099081,0.013714,0.096184,0.745037,0.040544,0.754523,0.059588,0.009944,0.057019,kv_head
original_vs_version1,v,37,6,15,1,1,0.076452,0.006449,0.078304,0.720889,0.040109,0.726492,0.059429,0.008661,0.060053,kv_head
original_vs_version1,v,38,2,15,1,1,0.054652,0.003757,0.054359,0.687693,0.043684,0.690288,0.059051,0.009255,0.059114,kv_head
original_vs_version1,v,14,1,15,1,1,0.129187,0.015665,0.131903,0.75963,0.036796,0.769436,0.058365,0.011559,0.057565,kv_head
original_vs_version2,k,38,5,15,1,1,0.663587,0.013374,0.66313,0.925024,0.032751,0.928817,0.055922,0.024837,0.0527,kv_head
original_vs_version2,k,0,7,15,1,1,0.984192,0.00046,0.984288,0.996,0.001568,0.995638,0.053579,0.017828,0.051499,kv_head
original_vs_version2,k,39,7,15,1,1,0.789515,0.008326,0.790882,0.960604,0.015841,0.961072,0.052974,0.013308,0.051356,kv_head
original_vs_version2,k,37,4,15,1,1,0.649185,0.016946,0.654216,0.91808,0.038902,0.923321,0.052859,0.020165,0.04377,kv_head
original_vs_version2,k,7,6,15,1,1,0.783645,0.012329,0.783318,0.956926,0.02012,0.959293,0.052512,0.016829,0.050212,kv_head
original_vs_version2,k,19,3,15,1,1,0.435986,0.021009,0.434628,0.936864,0.025681,0.943583,0.052502,0.022778,0.044049,kv_head
original_vs_version2,k,36,4,15,1,1,0.517647,0.020226,0.519602,0.899589,0.047765,0.911988,0.052139,0.027131,0.038042,kv_head
original_vs_version2,k,3,6,15,1,1,0.536215,0.012985,0.541241,0.871446,0.057621,0.877809,0.052125,0.023341,0.047987,kv_head
original_vs_version2,k,0,2,15,1,1,0.983214,0.000443,0.983373,0.995081,0.001778,0.994645,0.051545,0.023416,0.044249,kv_head
original_vs_version2,k,38,6,15,1,1,0.791445,0.005521,0.791282,0.963095,0.01648,0.966172,0.050828,0.026555,0.043331,kv_head
original_vs_version2,k,31,2,15,1,1,0.489222,0.011896,0.48764,0.937,0.027137,0.946665,0.050637,0.018086,0.046973,kv_head
original_vs_version2,k,37,6,15,1,1,0.421972,0.014048,0.423146,0.820726,0.068986,0.810917,0.050563,0.011425,0.049352,kv_head
original_vs_version2,k,0,3,15,1,1,0.977961,0.000547,0.977932,0.99403,0.002024,0.993354,0.050381,0.016052,0.043742,kv_head
original_vs_version2,k,19,7,15,1,1,0.453095,0.024291,0.451018,0.923294,0.026632,0.931342,0.050104,0.016373,0.04365,kv_head
original_vs_version2,k,38,2,15,1,1,0.461921,0.01865,0.464703,0.886661,0.051945,0.907678,0.049991,0.018982,0.046784,kv_head
original_vs_version2,k,20,0,15,1,1,0.670724,0.011282,0.669239,0.938616,0.024217,0.941214,0.049823,0.014641,0.043444,kv_head
original_vs_version2,k,8,7,15,1,1,0.817321,0.009514,0.818142,0.963798,0.014286,0.961493,0.049799,0.023366,0.044472,kv_head
original_vs_version2,k,18,6,15,1,1,0.372914,0.021271,0.371144,0.929353,0.030476,0.938111,0.04979,0.0121,0.05067,kv_head
original_vs_version2,k,39,6,15,1,1,0.737619,0.013848,0.737408,0.925486,0.029323,0.925588,0.049096,0.012058,0.046494,kv_head
original_vs_version2,k,34,4,15,1,1,0.540877,0.011972,0.540367,0.907165,0.040646,0.91244,0.049095,0.011589,0.049357,kv_head
original_vs_version2,q,38,29,15,1,1,0.66165,0.030747,0.667829,0.916156,0.043233,0.930074,0.063445,0.033844,0.045495,q_head
original_vs_version2,q,1,6,15,1,1,0.567475,0.033183,0.574216,0.917964,0.047652,0.92715,0.063295,0.043098,0.042519,q_head
original_vs_version2,q,36,23,15,1,1,0.694236,0.027459,0.70863,0.918203,0.04593,0.934871,0.062306,0.034726,0.044276,q_head
original_vs_version2,q,0,27,15,1,1,0.54442,0.077418,0.58259,0.895587,0.06209,0.913557,0.061244,0.030579,0.048927,q_head
original_vs_version2,q,39,39,15,1,1,0.69089,0.01591,0.690423,0.929669,0.030615,0.930465,0.060601,0.020993,0.051588,q_head
original_vs_version2,q,3,34,15,1,1,0.466114,0.051176,0.497458,0.848145,0.090902,0.874663,0.059522,0.031518,0.046181,q_head
original_vs_version2,q,0,17,15,1,1,0.463604,0.050394,0.485282,0.877445,0.060828,0.885404,0.059464,0.036442,0.042048,q_head
original_vs_version2,q,37,32,15,1,1,0.577117,0.015173,0.581418,0.890067,0.051349,0.903803,0.058294,0.026292,0.048855,q_head
original_vs_version2,q,4,20,15,1,1,0.596721,0.011298,0.595203,0.91305,0.042488,0.917816,0.058148,0.014556,0.062023,q_head
original_vs_version2,q,39,32,15,1,1,0.5779,0.015359,0.573615,0.881436,0.051718,0.888873,0.057997,0.019167,0.051377,q_head
original_vs_version2,q,39,34,15,1,1,0.612055,0.013166,0.611769,0.893013,0.046011,0.904102,0.057861,0.021914,0.050934,q_head
original_vs_version2,q,4,27,15,1,1,0.589492,0.01012,0.591188,0.925905,0.034412,0.937255,0.057845,0.016412,0.056728,q_head
original_vs_version2,q,39,4,15,1,1,0.613137,0.012003,0.612466,0.917226,0.043604,0.931345,0.057273,0.02034,0.052011,q_head
original_vs_version2,q,39,33,15,1,1,0.648715,0.01546,0.644175,0.90942,0.040415,0.921949,0.057215,0.024256,0.04306,q_head
original_vs_version2,q,39,0,15,1,1,0.613227,0.016767,0.610147,0.90789,0.043457,0.92294,0.056951,0.019005,0.048741,q_head
original_vs_version2,q,38,31,15,1,1,0.672806,0.012016,0.675323,0.948889,0.028305,0.960048,0.056931,0.021746,0.051818,q_head
original_vs_version2,q,7,32,15,1,1,0.780166,0.013587,0.778784,0.955414,0.020115,0.956758,0.056734,0.012757,0.058631,q_head
original_vs_version2,q,39,16,15,1,1,0.624806,0.018299,0.63526,0.906719,0.047048,0.918054,0.056629,0.02265,0.051887,q_head
original_vs_version2,q,39,7,15,1,1,0.511743,0.023437,0.511982,0.866072,0.065543,0.880435,0.056365,0.022182,0.049154,q_head
original_vs_version2,q,30,9,15,1,1,0.738667,0.011505,0.740747,0.939728,0.023073,0.939023,0.056164,0.019615,0.05014,q_head
original_vs_version2,v,37,4,15,1,1,0.273587,0.034773,0.286075,0.84631,0.091683,0.892302,0.075289,0.043738,0.053979,kv_head
original_vs_version2,v,29,3,15,1,1,0.399717,0.025046,0.407164,0.875043,0.056771,0.902553,0.065793,0.030128,0.05432,kv_head
original_vs_version2,v,25,0,15,1,1,0.140733,0.015755,0.142037,0.810601,0.064113,0.826744,0.056318,0.011339,0.051053,kv_head
original_vs_version2,v,32,0,15,1,1,0.174385,0.011889,0.175242,0.835537,0.059389,0.865839,0.055865,0.016437,0.050337,kv_head
original_vs_version2,v,7,6,15,1,1,0.177804,0.022856,0.17732,0.833217,0.070609,0.867999,0.055557,0.010946,0.05635,kv_head
original_vs_version2,v,14,1,15,1,1,0.129372,0.015657,0.132618,0.802508,0.052398,0.808782,0.053655,0.009417,0.051189,kv_head
original_vs_version2,v,39,5,15,1,1,0.319671,0.011602,0.317256,0.87995,0.055661,0.90703,0.053366,0.014445,0.050044,kv_head
original_vs_version2,v,26,6,15,1,1,0.192178,0.011934,0.194766,0.835427,0.059945,0.859386,0.052752,0.01339,0.048745,kv_head
original_vs_version2,v,34,4,15,1,1,0.144551,0.01525,0.14934,0.82947,0.072065,0.865499,0.051942,0.014409,0.047773,kv_head
original_vs_version2,v,31,0,15,1,1,0.188046,0.019804,0.187873,0.868625,0.036096,0.880653,0.051495,0.013861,0.051023,kv_head
original_vs_version2,v,35,7,15,1,1,0.111696,0.011626,0.112169,0.81039,0.080864,0.852357,0.05127,0.012432,0.048489,kv_head
original_vs_version2,v,36,4,15,1,1,0.105566,0.011441,0.102989,0.809566,0.072605,0.83702,0.051224,0.014344,0.046301,kv_head
original_vs_version2,v,15,5,15,1,1,0.163865,0.011838,0.167578,0.881313,0.03909,0.893715,0.051105,0.01529,0.048906,kv_head
original_vs_version2,v,34,0,15,1,1,0.194521,0.016517,0.198538,0.834256,0.070418,0.866819,0.050951,0.011177,0.047292,kv_head
original_vs_version2,v,39,0,15,1,1,0.135148,0.016361,0.132712,0.829896,0.065552,0.857651,0.050845,0.009774,0.050419,kv_head
original_vs_version2,v,31,6,15,1,1,0.244749,0.011038,0.245833,0.869712,0.053838,0.894992,0.050844,0.009602,0.048461,kv_head
original_vs_version2,v,39,4,15,1,1,0.148694,0.009052,0.150457,0.819898,0.064756,0.85318,0.050777,0.009417,0.047959,kv_head
original_vs_version2,v,38,5,15,1,1,0.124819,0.017212,0.128034,0.795101,0.088565,0.835233,0.050746,0.009626,0.052128,kv_head
original_vs_version2,v,37,7,15,1,1,0.286582,0.016391,0.29301,0.882465,0.054154,0.906927,0.050632,0.01665,0.046055,kv_head
original_vs_version2,v,8,7,15,1,1,0.113137,0.01635,0.108436,0.85212,0.040465,0.861457,0.050009,0.008849,0.049157,kv_head
original_vs_version3,k,36,4,15,1,1,0.514905,0.018225,0.516395,0.878124,0.039892,0.888777,0.055953,0.020411,0.047818,kv_head
original_vs_version3,k,37,4,15,1,1,0.649042,0.017503,0.655378,0.903328,0.031077,0.91013,0.055262,0.019813,0.050689,kv_head
original_vs_version3,k,20,4,15,1,1,0.450333,0.024661,0.459005,0.92909,0.018472,0.932447,0.054923,0.026668,0.048118,kv_head
original_vs_version3,k,32,6,15,1,1,0.522613,0.010336,0.523167,0.871307,0.033977,0.879854,0.05438,0.013093,0.051832,kv_head
original_vs_version3,k,23,6,15,1,1,0.464571,0.022086,0.458949,0.946185,0.017403,0.950448,0.053006,0.021997,0.050964,kv_head
original_vs_version3,k,36,7,15,1,1,0.389938,0.014467,0.390509,0.878165,0.036164,0.88982,0.052731,0.013407,0.049261,kv_head
original_vs_version3,k,12,5,15,1,1,0.341679,0.014517,0.348255,0.897611,0.026752,0.90876,0.05245,0.017099,0.046426,kv_head
original_vs_version3,k,26,3,15,1,1,0.435527,0.019946,0.434713,0.942598,0.016251,0.945552,0.052374,0.016312,0.050833,kv_head
original_vs_version3,k,1,4,15,1,1,0.54855,0.004489,0.548083,0.920007,0.006538,0.917944,0.052345,0.020839,0.047538,kv_head
original_vs_version3,k,15,5,15,1,1,0.575504,0.010641,0.577375,0.929717,0.01807,0.932717,0.052014,0.014012,0.047927,kv_head
original_vs_version3,k,38,6,15,1,1,0.791306,0.004861,0.791691,0.955141,0.01251,0.959129,0.051999,0.019735,0.044234,kv_head
original_vs_version3,k,25,5,15,1,1,0.729803,0.012568,0.731479,0.960413,0.010089,0.962907,0.051906,0.027187,0.045352,kv_head
original_vs_version3,k,21,7,15,1,1,0.453984,0.020645,0.453286,0.949199,0.013491,0.952949,0.051872,0.023481,0.04746,kv_head
original_vs_version3,k,33,2,15,1,1,0.435171,0.010323,0.436763,0.89035,0.027644,0.89778,0.051869,0.015767,0.044133,kv_head
original_vs_version3,k,0,6,15,1,1,0.976154,0.000566,0.97631,0.993307,0.001829,0.993079,0.051845,0.027247,0.045457,kv_head
original_vs_version3,k,37,5,15,1,1,0.568465,0.01468,0.572875,0.925496,0.021803,0.933481,0.051603,0.018994,0.048626,kv_head
original_vs_version3,k,38,2,15,1,1,0.460323,0.014961,0.461677,0.862786,0.041772,0.878661,0.051519,0.017249,0.044773,kv_head
original_vs_version3,k,34,4,15,1,1,0.538717,0.0122,0.539012,0.884595,0.035274,0.892609,0.051312,0.016634,0.043999,kv_head
original_vs_version3,k,4,0,15,1,1,0.672945,0.010805,0.669747,0.926868,0.019443,0.928529,0.051203,0.013889,0.04361,kv_head
original_vs_version3,k,0,1,15,1,1,0.863741,0.003831,0.864555,0.971765,0.007545,0.970205,0.051091,0.015229,0.047619,kv_head
original_vs_version3,q,36,23,15,1,1,0.693204,0.028639,0.702636,0.902525,0.035891,0.915698,0.068552,0.040607,0.047634,q_head
original_vs_version3,q,38,29,15,1,1,0.661591,0.028945,0.664896,0.901516,0.03422,0.914671,0.067752,0.029839,0.051266,q_head
original_vs_version3,q,37,32,15,1,1,0.576014,0.014789,0.575446,0.867268,0.038715,0.880407,0.065307,0.026016,0.055299,q_head
original_vs_version3,q,38,26,15,1,1,0.688785,0.013662,0.689494,0.924411,0.027167,0.933424,0.064567,0.035207,0.054701,q_head
original_vs_version3,q,36,36,15,1,1,0.566032,0.016384,0.568798,0.873119,0.0405,0.88106,0.064294,0.027987,0.059553,q_head
original_vs_version3,q,3,34,15,1,1,0.465915,0.050322,0.491548,0.822522,0.067817,0.838653,0.062146,0.029607,0.044792,q_head
original_vs_version3,q,39,39,15,1,1,0.691856,0.016885,0.686535,0.91734,0.021205,0.921481,0.06107,0.017231,0.055935,q_head
original_vs_version3,q,22,25,15,1,1,0.616207,0.006956,0.616527,0.927602,0.021258,0.935466,0.060665,0.023161,0.050732,q_head
original_vs_version3,q,0,17,15,1,1,0.464904,0.050307,0.484833,0.859872,0.046367,0.872201,0.060546,0.035081,0.044693,q_head
original_vs_version3,q,1,6,15,1,1,0.567404,0.033992,0.577841,0.9027,0.033924,0.901242,0.060225,0.031786,0.047327,q_head
original_vs_version3,q,25,4,15,1,1,0.64413,0.012408,0.649397,0.919545,0.027394,0.925953,0.060079,0.020835,0.052501,q_head
original_vs_version3,q,39,0,15,1,1,0.612561,0.01753,0.61051,0.888499,0.032736,0.902065,0.059386,0.019066,0.055267,q_head
original_vs_version3,q,39,4,15,1,1,0.612115,0.012348,0.612305,0.901373,0.034279,0.916279,0.059155,0.025648,0.049674,q_head
original_vs_version3,q,14,9,15,1,1,0.664987,0.007922,0.666814,0.899452,0.025829,0.895895,0.059003,0.016233,0.059955,q_head
original_vs_version3,q,25,3,15,1,1,0.659793,0.010429,0.663942,0.926972,0.028873,0.937788,0.058978,0.015249,0.057801,q_head
original_vs_version3,q,39,34,15,1,1,0.611027,0.014911,0.613069,0.873409,0.031732,0.881849,0.058973,0.017958,0.053059,q_head
original_vs_version3,q,36,38,15,1,1,0.686154,0.016241,0.689833,0.926724,0.024072,0.936336,0.058803,0.019607,0.053073,q_head
original_vs_version3,q,39,7,15,1,1,0.511758,0.023426,0.512683,0.841997,0.048183,0.849099,0.058738,0.019678,0.052352,q_head
original_vs_version3,q,39,33,15,1,1,0.648895,0.017667,0.647177,0.892691,0.029145,0.897806,0.058507,0.016691,0.053709,q_head
original_vs_version3,q,37,13,15,1,1,0.540674,0.018259,0.544724,0.851317,0.042293,0.858498,0.057929,0.024172,0.052822,q_head
original_vs_version3,v,37,4,15,1,1,0.271549,0.034775,0.284938,0.822854,0.086034,0.859706,0.073207,0.033751,0.060183,kv_head
original_vs_version3,v,29,3,15,1,1,0.400178,0.025601,0.410688,0.85378,0.052951,0.870119,0.072158,0.033936,0.058002,kv_head
original_vs_version3,v,25,0,15,1,1,0.138731,0.016892,0.139247,0.769811,0.060356,0.77943,0.056571,0.015321,0.053612,kv_head
original_vs_version3,v,32,0,15,1,1,0.171798,0.014038,0.172344,0.802346,0.060149,0.810332,0.055521,0.011909,0.050606,kv_head
original_vs_version3,v,7,6,15,1,1,0.177329,0.022717,0.176245,0.81106,0.066377,0.844717,0.055349,0.012978,0.053501,kv_head
original_vs_version3,v,36,4,15,1,1,0.103846,0.010509,0.10253,0.778064,0.067363,0.794488,0.054773,0.013505,0.051409,kv_head
original_vs_version3,v,35,7,15,1,1,0.111219,0.012555,0.111365,0.7765,0.073615,0.805138,0.054683,0.012567,0.04767,kv_head
original_vs_version3,v,8,7,15,1,1,0.111243,0.014718,0.108681,0.835667,0.042657,0.849127,0.054119,0.013858,0.056698,kv_head
original_vs_version3,v,7,7,15,1,1,0.187264,0.028889,0.190091,0.837119,0.054036,0.86217,0.053969,0.016106,0.051275,kv_head
original_vs_version3,v,14,1,15,1,1,0.124925,0.019046,0.130285,0.764688,0.051651,0.766541,0.053794,0.010837,0.053562,kv_head
original_vs_version3,v,14,6,15,1,1,0.180021,0.018672,0.177444,0.866084,0.031597,0.871162,0.053686,0.022148,0.046008,kv_head
original_vs_version3,v,39,7,15,1,1,0.317096,0.016216,0.319136,0.875878,0.0522,0.893366,0.053501,0.015776,0.051774,kv_head
original_vs_version3,v,34,4,15,1,1,0.143458,0.016059,0.145527,0.80036,0.069205,0.824683,0.05348,0.015224,0.046503,kv_head
original_vs_version3,v,37,7,15,1,1,0.286037,0.017795,0.289451,0.862104,0.049411,0.881702,0.052843,0.014546,0.051769,kv_head
original_vs_version3,v,33,4,15,1,1,0.128507,0.012419,0.131871,0.828881,0.043319,0.832767,0.052379,0.012889,0.048793,kv_head
original_vs_version3,v,36,3,15,1,1,0.110688,0.010672,0.114609,0.785095,0.075064,0.812416,0.052326,0.014008,0.048432,kv_head
original_vs_version3,v,38,5,15,1,1,0.12264,0.01522,0.127311,0.763565,0.079737,0.793255,0.051745,0.012592,0.046818,kv_head
original_vs_version3,v,14,4,15,1,1,0.418858,0.014448,0.416167,0.910157,0.02679,0.915828,0.05152,0.009041,0.054058,kv_head
original_vs_version3,v,32,6,15,1,1,0.187699,0.012886,0.188532,0.808702,0.061552,0.830364,0.051468,0.012818,0.048959,kv_head
original_vs_version3,v,15,5,15,1,1,0.15956,0.012894,0.164084,0.846228,0.042048,0.855058,0.051366,0.011095,0.049722,kv_head
version1_vs_version2,k,37,4,15,1,1,0.629155,0.010741,0.631417,0.888946,0.023656,0.878698,0.067357,0.024077,0.063384,kv_head
version1_vs_version2,k,3,6,15,1,1,0.532816,0.00867,0.531401,0.835317,0.0392,0.824407,0.066618,0.020899,0.066052,kv_head
version1_vs_version2,k,36,4,15,1,1,0.510072,0.0158,0.508654,0.863316,0.03707,0.861131,0.066572,0.021396,0.069583,kv_head
version1_vs_version2,k,38,2,15,1,1,0.448732,0.018382,0.447004,0.844626,0.043981,0.833202,0.06341,0.016653,0.061983,kv_head
version1_vs_version2,k,37,6,15,1,1,0.40624,0.011565,0.406939,0.774986,0.035207,0.771134,0.061933,0.011011,0.0661,kv_head
version1_vs_version2,k,38,5,15,1,1,0.65159,0.011295,0.64956,0.900388,0.020049,0.895317,0.059045,0.014559,0.056843,kv_head
version1_vs_version2,k,32,6,15,1,1,0.518952,0.01006,0.517879,0.869085,0.035774,0.856079,0.057572,0.013893,0.055714,kv_head
version1_vs_version2,k,39,0,15,1,1,0.698135,0.010803,0.695712,0.90525,0.015044,0.897904,0.056727,0.012009,0.057418,kv_head
version1_vs_version2,k,30,1,15,1,1,0.479141,0.014687,0.47648,0.916989,0.017013,0.913264,0.055257,0.019655,0.047966,kv_head
version1_vs_version2,k,1,1,15,1,1,0.717647,0.008354,0.717038,0.910481,0.014079,0.907866,0.055146,0.016253,0.053496,kv_head
version1_vs_version2,k,37,2,15,1,1,0.615097,0.009645,0.617566,0.880029,0.022032,0.866706,0.055113,0.013225,0.054641,kv_head
version1_vs_version2,k,6,7,15,1,1,0.580711,0.01328,0.579389,0.912913,0.017165,0.908297,0.054061,0.009477,0.054676,kv_head
version1_vs_version2,k,34,0,15,1,1,0.59981,0.014478,0.603983,0.895046,0.027483,0.8853,0.053929,0.00951,0.055839,kv_head
version1_vs_version2,k,7,6,15,1,1,0.769788,0.01193,0.765872,0.943475,0.012395,0.94186,0.05363,0.010597,0.055006,kv_head
version1_vs_version2,k,29,3,15,1,1,0.665055,0.007399,0.663207,0.936074,0.014907,0.932848,0.053531,0.012327,0.05354,kv_head
version1_vs_version2,k,29,1,15,1,1,0.440138,0.010093,0.438856,0.837183,0.039994,0.826046,0.053515,0.011721,0.05228,kv_head
version1_vs_version2,k,36,7,15,1,1,0.374028,0.013843,0.376018,0.868472,0.035009,0.86391,0.053439,0.011716,0.055827,kv_head
version1_vs_version2,k,2,6,15,1,1,0.610199,0.012585,0.613326,0.878539,0.028422,0.876998,0.053423,0.00716,0.052234,kv_head
version1_vs_version2,k,21,5,15,1,1,0.696607,0.008608,0.697918,0.91332,0.017988,0.908499,0.053173,0.011811,0.049653,kv_head
version1_vs_version2,k,0,4,15,1,1,0.809661,0.005393,0.808871,0.931659,0.0094,0.928978,0.053071,0.011299,0.052605,kv_head
version1_vs_version2,q,1,6,15,1,1,0.520372,0.010275,0.518239,0.871945,0.031114,0.870483,0.097434,0.04313,0.088482,q_head
version1_vs_version2,q,3,34,15,1,1,0.37999,0.020578,0.377586,0.774086,0.073784,0.757027,0.096344,0.043306,0.099436,q_head
version1_vs_version2,q,36,23,15,1,1,0.657851,0.011973,0.65737,0.87786,0.034802,0.865338,0.092006,0.035076,0.097027,q_head
version1_vs_version2,q,0,27,15,1,1,0.409347,0.047912,0.405097,0.825525,0.037807,0.82025,0.08505,0.042296,0.084841,q_head
version1_vs_version2,q,37,13,15,1,1,0.523953,0.012532,0.524602,0.826725,0.040179,0.816425,0.08115,0.027619,0.085279,q_head
version1_vs_version2,q,37,32,15,1,1,0.565264,0.016098,0.56979,0.84757,0.042003,0.831793,0.080759,0.034082,0.083203,q_head
version1_vs_version2,q,38,29,15,1,1,0.628538,0.021892,0.632127,0.878375,0.036617,0.859807,0.08061,0.027925,0.090679,q_head
version1_vs_version2,q,0,17,15,1,1,0.38093,0.023183,0.384215,0.813254,0.028755,0.811153,0.079751,0.035746,0.078301,q_head
version1_vs_version2,q,38,26,15,1,1,0.676496,0.01216,0.675088,0.910746,0.024825,0.903177,0.076316,0.018386,0.078731,q_head
version1_vs_version2,q,39,15,15,1,1,0.61362,0.013257,0.614357,0.85919,0.039748,0.84934,0.074121,0.021425,0.080566,q_head
version1_vs_version2,q,39,39,15,1,1,0.683596,0.016316,0.684506,0.907796,0.021649,0.903866,0.07336,0.028322,0.07356,q_head
version1_vs_version2,q,6,34,15,1,1,0.660836,0.014518,0.66779,0.886813,0.023072,0.882126,0.072762,0.015441,0.076033,q_head
version1_vs_version2,q,39,7,15,1,1,0.49423,0.017052,0.489508,0.815625,0.042977,0.809218,0.071833,0.022042,0.072982,q_head
version1_vs_version2,q,39,32,15,1,1,0.580736,0.020922,0.573573,0.846361,0.038705,0.842848,0.07175,0.021382,0.068599,q_head
version1_vs_version2,q,34,4,15,1,1,0.532245,0.008366,0.534561,0.860133,0.036249,0.849151,0.071569,0.024063,0.075569,q_head
version1_vs_version2,q,38,21,15,1,1,0.68595,0.010852,0.688429,0.899216,0.026426,0.893507,0.071353,0.021036,0.065181,q_head
version1_vs_version2,q,39,4,15,1,1,0.615433,0.015737,0.612137,0.88348,0.032595,0.872065,0.070717,0.022093,0.066082,q_head
version1_vs_version2,q,37,34,15,1,1,0.558596,0.012968,0.558205,0.852055,0.035688,0.844365,0.070625,0.020687,0.076493,q_head
version1_vs_version2,q,39,33,15,1,1,0.651484,0.016977,0.646439,0.883241,0.032889,0.878629,0.070585,0.018245,0.071744,q_head
version1_vs_version2,q,0,24,15,1,1,0.60433,0.00916,0.604901,0.909433,0.028343,0.899407,0.070479,0.02395,0.06416,q_head
version1_vs_version2,v,37,4,15,1,1,0.240441,0.032767,0.235762,0.771486,0.096331,0.728977,0.113759,0.050531,0.126081,kv_head
version1_vs_version2,v,29,3,15,1,1,0.365972,0.018246,0.361912,0.832278,0.064091,0.806952,0.087896,0.028296,0.09526,kv_head
version1_vs_version2,v,35,7,15,1,1,0.097723,0.017793,0.090433,0.741915,0.091531,0.713704,0.068622,0.021468,0.06567,kv_head
version1_vs_version2,v,7,6,15,1,1,0.162902,0.020488,0.156934,0.78295,0.079844,0.7448,0.067651,0.0221,0.063726,kv_head
version1_vs_version2,v,39,7,15,1,1,0.294422,0.008954,0.294672,0.838543,0.057859,0.811635,0.062987,0.018627,0.06609,kv_head
version1_vs_version2,v,36,4,15,1,1,0.102373,0.02206,0.093335,0.753357,0.092003,0.720961,0.06258,0.01464,0.066923,kv_head
version1_vs_version2,v,34,0,15,1,1,0.169727,0.012437,0.165905,0.776065,0.078819,0.756536,0.060681,0.014674,0.061193,kv_head
version1_vs_version2,v,37,7,15,1,1,0.27291,0.014939,0.275196,0.833795,0.063451,0.81054,0.060417,0.013381,0.062118,kv_head
version1_vs_version2,v,39,0,15,1,1,0.121999,0.018826,0.117249,0.763797,0.083201,0.733931,0.060215,0.012681,0.063601,kv_head
version1_vs_version2,v,34,4,15,1,1,0.12833,0.011033,0.128753,0.775891,0.079039,0.743046,0.05993,0.018387,0.058148,kv_head
version1_vs_version2,v,32,0,15,1,1,0.162511,0.018389,0.159553,0.79433,0.068984,0.766539,0.059358,0.016088,0.058838,kv_head
version1_vs_version2,v,36,3,15,1,1,0.097485,0.014606,0.089387,0.745385,0.090908,0.718309,0.0584,0.012584,0.062156,kv_head
version1_vs_version2,v,25,0,15,1,1,0.128283,0.013519,0.127275,0.776722,0.069189,0.761717,0.058381,0.013642,0.06289,kv_head
version1_vs_version2,v,38,5,15,1,1,0.106506,0.010995,0.110364,0.721666,0.097693,0.688675,0.057346,0.014207,0.059149,kv_head
version1_vs_version2,v,39,5,15,1,1,0.310103,0.010265,0.30819,0.825506,0.064983,0.807577,0.056781,0.012271,0.057079,kv_head
version1_vs_version2,v,8,3,15,1,1,0.144292,0.017858,0.139678,0.816283,0.064161,0.797872,0.056247,0.01372,0.058309,kv_head
version1_vs_version2,v,26,6,15,1,1,0.179167,0.007782,0.17884,0.796987,0.062476,0.784848,0.056076,0.01447,0.057111,kv_head
version1_vs_version2,v,18,1,15,1,1,0.106766,0.016059,0.109199,0.773318,0.071549,0.762485,0.055827,0.010506,0.053633,kv_head
version1_vs_version2,v,32,6,15,1,1,0.173189,0.007833,0.169383,0.788088,0.069708,0.764191,0.054954,0.012431,0.049629,kv_head
version1_vs_version2,v,1,1,15,1,1,0.1938,0.008979,0.192206,0.822489,0.063088,0.804036,0.054345,0.01004,0.052775,kv_head
version1_vs_version3,k,36,4,15,1,1,0.507295,0.014908,0.502592,0.853198,0.037563,0.843755,0.07086,0.018348,0.071371,kv_head
version1_vs_version3,k,37,4,15,1,1,0.628727,0.01073,0.632484,0.88407,0.028115,0.879281,0.070828,0.01954,0.071593,kv_head
version1_vs_version3,k,3,6,15,1,1,0.532803,0.009252,0.531489,0.832306,0.039075,0.825251,0.06289,0.01298,0.064812,kv_head
version1_vs_version3,k,37,6,15,1,1,0.404403,0.012972,0.405939,0.772272,0.043267,0.755181,0.060578,0.015831,0.06055,kv_head
version1_vs_version3,k,7,6,15,1,1,0.770373,0.011359,0.769286,0.941009,0.013909,0.939644,0.059328,0.011709,0.055278,kv_head
version1_vs_version3,k,38,2,15,1,1,0.447473,0.01396,0.444688,0.831163,0.038146,0.820625,0.058836,0.012589,0.056619,kv_head
version1_vs_version3,k,32,6,15,1,1,0.518303,0.010919,0.517768,0.856329,0.035143,0.849374,0.058807,0.01061,0.056911,kv_head
version1_vs_version3,k,38,5,15,1,1,0.651106,0.010978,0.648592,0.89596,0.021765,0.890343,0.058651,0.010375,0.061055,kv_head
version1_vs_version3,k,35,5,15,1,1,0.350619,0.011125,0.349345,0.774331,0.051922,0.758424,0.057205,0.010861,0.057752,kv_head
version1_vs_version3,k,36,7,15,1,1,0.373273,0.011859,0.373479,0.854496,0.031578,0.846264,0.057141,0.01034,0.057478,kv_head
version1_vs_version3,k,38,6,15,1,1,0.789832,0.004965,0.79048,0.948557,0.011636,0.945476,0.056006,0.017441,0.05371,kv_head
version1_vs_version3,k,35,7,15,1,1,0.516484,0.010309,0.512447,0.88158,0.028736,0.877719,0.055891,0.011445,0.057286,kv_head
version1_vs_version3,k,1,1,15,1,1,0.717747,0.008294,0.717279,0.907419,0.018048,0.900052,0.055744,0.011343,0.057174,kv_head
version1_vs_version3,k,34,4,15,1,1,0.52948,0.012007,0.52954,0.867283,0.032295,0.864969,0.05559,0.01405,0.052079,kv_head
version1_vs_version3,k,37,2,15,1,1,0.613713,0.009895,0.616669,0.875735,0.030439,0.865718,0.055547,0.009324,0.058217,kv_head
version1_vs_version3,k,39,4,15,1,1,0.6494,0.012228,0.648088,0.905558,0.019538,0.9002,0.055269,0.020196,0.048852,kv_head
version1_vs_version3,k,24,3,15,1,1,0.392917,0.020794,0.38706,0.93823,0.016855,0.941501,0.055161,0.02771,0.049802,kv_head
version1_vs_version3,k,29,3,15,1,1,0.66455,0.007417,0.662462,0.93042,0.015072,0.92547,0.055074,0.016724,0.049909,kv_head
version1_vs_version3,k,39,3,15,1,1,0.69416,0.007218,0.696795,0.923077,0.015896,0.920325,0.054286,0.008525,0.052253,kv_head
version1_vs_version3,k,34,6,15,1,1,0.475403,0.012309,0.474319,0.883757,0.024539,0.877293,0.054243,0.010011,0.054331,kv_head
version1_vs_version3,q,3,34,15,1,1,0.379918,0.020771,0.381856,0.764299,0.072775,0.737655,0.099184,0.037921,0.107353,q_head
version1_vs_version3,q,0,27,15,1,1,0.408045,0.046663,0.402856,0.81565,0.038056,0.813003,0.094596,0.043133,0.091241,q_head
version1_vs_version3,q,36,23,15,1,1,0.657376,0.011722,0.658005,0.871755,0.033384,0.862286,0.093438,0.033107,0.099605,q_head
version1_vs_version3,q,38,29,15,1,1,0.627923,0.021149,0.631793,0.871372,0.03548,0.860447,0.091595,0.038049,0.093377,q_head
version1_vs_version3,q,1,6,15,1,1,0.520029,0.01016,0.519164,0.864998,0.032249,0.855861,0.0892,0.038834,0.095756,q_head
version1_vs_version3,q,0,17,15,1,1,0.381251,0.022089,0.384673,0.809182,0.031414,0.801893,0.082576,0.029825,0.083421,q_head
version1_vs_version3,q,39,33,15,1,1,0.652184,0.020091,0.646409,0.876443,0.034662,0.87519,0.081327,0.02624,0.07467,q_head
version1_vs_version3,q,0,24,15,1,1,0.604445,0.008663,0.603097,0.902858,0.025855,0.897136,0.08019,0.026451,0.078955,q_head
version1_vs_version3,q,39,34,15,1,1,0.619032,0.022342,0.615474,0.855019,0.035062,0.851984,0.077244,0.022386,0.083318,q_head
version1_vs_version3,q,37,32,15,1,1,0.562192,0.015868,0.563178,0.835482,0.043495,0.831878,0.076448,0.023914,0.076984,q_head
version1_vs_version3,q,36,38,15,1,1,0.669155,0.010741,0.67253,0.902397,0.023481,0.898746,0.075056,0.022146,0.074327,q_head
version1_vs_version3,q,37,13,15,1,1,0.522344,0.013227,0.522003,0.819285,0.046179,0.814977,0.074752,0.023602,0.07499,q_head
version1_vs_version3,q,35,39,15,1,1,0.550222,0.009615,0.550439,0.860696,0.040032,0.85812,0.073728,0.01863,0.076365,q_head
version1_vs_version3,q,7,34,15,1,1,0.58473,0.01486,0.588561,0.894733,0.024312,0.884637,0.073603,0.026852,0.067417,q_head
version1_vs_version3,q,39,4,15,1,1,0.614585,0.015561,0.611129,0.877689,0.032107,0.872818,0.073075,0.021043,0.074339,q_head
version1_vs_version3,q,38,31,15,1,1,0.66616,0.010479,0.667454,0.920222,0.019911,0.914336,0.072287,0.022693,0.078902,q_head
version1_vs_version3,q,39,15,15,1,1,0.612972,0.014259,0.615783,0.848847,0.041216,0.84155,0.072075,0.019209,0.075256,q_head
version1_vs_version3,q,39,39,15,1,1,0.684822,0.018205,0.682528,0.904232,0.022548,0.898669,0.072051,0.016208,0.071898,q_head
version1_vs_version3,q,39,32,15,1,1,0.580211,0.022072,0.569719,0.839159,0.04306,0.827296,0.070435,0.019069,0.070806,q_head
version1_vs_version3,q,39,7,15,1,1,0.49409,0.017971,0.491039,0.809634,0.048636,0.793755,0.070235,0.018973,0.074789,q_head
version1_vs_version3,v,37,4,15,1,1,0.237426,0.029037,0.233258,0.755413,0.086672,0.722747,0.105519,0.032409,0.107652,kv_head
version1_vs_version3,v,29,3,15,1,1,0.364949,0.015202,0.363627,0.815891,0.056993,0.796894,0.100412,0.038139,0.098043,kv_head
version1_vs_version3,v,35,7,15,1,1,0.097123,0.015375,0.091885,0.719555,0.075952,0.697592,0.066265,0.017899,0.063607,kv_head
version1_vs_version3,v,34,4,15,1,1,0.127504,0.009821,0.128931,0.751976,0.064351,0.723991,0.062982,0.013638,0.064954,kv_head
version1_vs_version3,v,36,4,15,1,1,0.101049,0.020569,0.092554,0.731539,0.076772,0.715691,0.062721,0.013087,0.06805,kv_head
version1_vs_version3,v,39,7,15,1,1,0.293934,0.009242,0.291415,0.824421,0.045169,0.809242,0.061926,0.015921,0.062899,kv_head
version1_vs_version3,v,36,3,15,1,1,0.096301,0.01383,0.089021,0.72169,0.075045,0.705002,0.061273,0.010775,0.059458,kv_head
version1_vs_version3,v,38,5,15,1,1,0.105005,0.011414,0.109869,0.699631,0.078085,0.67254,0.059759,0.014676,0.059696,kv_head
version1_vs_version3,v,18,1,15,1,1,0.103849,0.014973,0.106448,0.738455,0.06086,0.726283,0.059552,0.012267,0.058676,kv_head
version1_vs_version3,v,34,0,15,1,1,0.167344,0.011428,0.163325,0.752026,0.064717,0.732009,0.059331,0.014041,0.061726,kv_head
version1_vs_version3,v,25,0,15,1,1,0.126182,0.011242,0.12615,0.743501,0.059323,0.727614,0.059325,0.010432,0.055731,kv_head
version1_vs_version3,v,32,0,15,1,1,0.161888,0.017465,0.157672,0.772712,0.056747,0.746232,0.059001,0.013097,0.056875,kv_head
version1_vs_version3,v,26,6,15,1,1,0.177396,0.006541,0.178636,0.769602,0.054329,0.749951,0.058191,0.011694,0.058308,kv_head
version1_vs_version3,v,32,6,15,1,1,0.173136,0.008907,0.16999,0.763299,0.055667,0.740827,0.058107,0.015022,0.059317,kv_head
version1_vs_version3,v,8,3,15,1,1,0.143606,0.016052,0.141157,0.801466,0.050542,0.799042,0.05805,0.010716,0.05656,kv_head
version1_vs_version3,v,37,2,15,1,1,0.136577,0.011141,0.135,0.765453,0.062352,0.73777,0.057773,0.010558,0.062773,kv_head
version1_vs_version3,v,37,7,15,1,1,0.272586,0.01512,0.273294,0.818617,0.052093,0.806569,0.057684,0.021758,0.051441,kv_head
version1_vs_version3,v,39,0,15,1,1,0.121882,0.016523,0.118562,0.745324,0.065345,0.723496,0.057379,0.01306,0.058182,kv_head
version1_vs_version3,v,7,6,15,1,1,0.161887,0.018477,0.158251,0.766307,0.068505,0.743215,0.056759,0.011633,0.055188,kv_head
version1_vs_version3,v,14,1,15,1,1,0.130487,0.01854,0.131345,0.74961,0.056915,0.739502,0.056517,0.009235,0.05454,kv_head
version2_vs_version3,k,24,0,15,1,1,0.362449,0.025649,0.365822,0.948301,0.014366,0.951328,0.053325,0.032982,0.036881,kv_head
version2_vs_version3,k,15,1,15,1,1,0.515674,0.01755,0.510545,0.9314,0.017091,0.929538,0.052315,0.027626,0.046734,kv_head
version2_vs_version3,k,12,5,15,1,1,0.341471,0.016625,0.347215,0.912678,0.020924,0.915103,0.052193,0.022204,0.049651,kv_head
version2_vs_version3,k,31,0,15,1,1,0.510458,0.014067,0.505962,0.922979,0.01929,0.92349,0.052045,0.024503,0.043538,kv_head
version2_vs_version3,k,21,2,15,1,1,0.384634,0.019022,0.382058,0.940932,0.015897,0.944377,0.052041,0.012943,0.054465,kv_head
version2_vs_version3,k,24,5,15,1,1,0.390284,0.018163,0.383608,0.945455,0.014578,0.941423,0.050749,0.021739,0.043297,kv_head
version2_vs_version3,k,24,7,15,1,1,0.443764,0.022742,0.447766,0.947003,0.014406,0.948957,0.050485,0.016327,0.051175,kv_head
version2_vs_version3,k,24,4,15,1,1,0.446042,0.021669,0.438044,0.943729,0.01455,0.941651,0.050242,0.022588,0.042749,kv_head
version2_vs_version3,k,22,4,15,1,1,0.415537,0.014402,0.415188,0.914104,0.019922,0.912889,0.050121,0.013525,0.050525,kv_head
version2_vs_version3,k,39,2,15,1,1,0.651205,0.010004,0.653671,0.933586,0.015495,0.928223,0.048894,0.013888,0.046786,kv_head
version2_vs_version3,k,12,4,15,1,1,0.433157,0.009257,0.430816,0.860597,0.030434,0.84644,0.048799,0.01376,0.043626,kv_head
version2_vs_version3,k,26,4,15,1,1,0.364478,0.017117,0.366645,0.942611,0.015995,0.942917,0.048702,0.018983,0.045903,kv_head
version2_vs_version3,k,12,3,15,1,1,0.620653,0.019613,0.625607,0.932501,0.01539,0.933428,0.048645,0.015228,0.039887,kv_head
version2_vs_version3,k,11,3,15,1,1,0.677875,0.009927,0.675165,0.929402,0.01529,0.924108,0.048515,0.012173,0.043896,kv_head
version2_vs_version3,k,24,3,15,1,1,0.396004,0.021633,0.390543,0.948049,0.015556,0.94886,0.048382,0.026805,0.040178,kv_head
version2_vs_version3,k,6,7,15,1,1,0.586564,0.010218,0.589662,0.93795,0.012005,0.942745,0.048073,0.024654,0.041783,kv_head
version2_vs_version3,k,8,6,15,1,1,0.877096,0.004948,0.878563,0.965127,0.008172,0.963788,0.047976,0.007072,0.047686,kv_head
version2_vs_version3,k,10,3,15,1,1,0.822803,0.004105,0.823431,0.961949,0.008576,0.962533,0.047733,0.009904,0.046731,kv_head
version2_vs_version3,k,23,7,15,1,1,0.575617,0.01699,0.574664,0.941598,0.015174,0.941287,0.047704,0.014094,0.042679,kv_head
version2_vs_version3,k,29,4,15,1,1,0.423482,0.021439,0.421564,0.944769,0.015053,0.942819,0.047575,0.016944,0.041657,kv_head
version2_vs_version3,q,13,15,15,1,1,0.678614,0.008217,0.679199,0.918894,0.018437,0.920299,0.053154,0.01534,0.048223,q_head
version2_vs_version3,q,18,34,15,1,1,0.496231,0.012539,0.49638,0.908661,0.023936,0.907124,0.05283,0.021823,0.047972,q_head
version2_vs_version3,q,7,29,15,1,1,0.685655,0.012453,0.688356,0.929277,0.016682,0.927596,0.052464,0.014279,0.048756,q_head
version2_vs_version3,q,30,19,15,1,1,0.715621,0.009682,0.717983,0.937083,0.015494,0.937349,0.052341,0.016298,0.049823,q_head
version2_vs_version3,q,11,28,15,1,1,0.692871,0.004967,0.694501,0.922486,0.018584,0.92592,0.052317,0.009169,0.051678,q_head
version2_vs_version3,q,31,3,15,1,1,0.717075,0.008052,0.717228,0.934778,0.018602,0.937399,0.052213,0.014814,0.047068,q_head
version2_vs_version3,q,25,6,15,1,1,0.50694,0.010606,0.506636,0.903798,0.023252,0.908621,0.052209,0.011169,0.050525,q_head
version2_vs_version3,q,35,31,15,1,1,0.54232,0.009949,0.540561,0.924701,0.017509,0.921377,0.051794,0.012881,0.047924,q_head
version2_vs_version3,q,22,15,15,1,1,0.62231,0.017341,0.624475,0.918593,0.018608,0.918313,0.051534,0.013454,0.053043,q_head
version2_vs_version3,q,38,12,15,1,1,0.66379,0.012473,0.665004,0.928921,0.016199,0.929375,0.051344,0.008608,0.055954,q_head
version2_vs_version3,q,4,18,15,1,1,0.579089,0.010695,0.578788,0.903386,0.024316,0.90336,0.051272,0.009435,0.050316,q_head
version2_vs_version3,q,14,2,15,1,1,0.545809,0.016428,0.551257,0.899431,0.024356,0.898315,0.051178,0.012928,0.050405,q_head
version2_vs_version3,q,25,0,15,1,1,0.605739,0.015249,0.611053,0.934443,0.015982,0.93177,0.051082,0.016799,0.050686,q_head
version2_vs_version3,q,7,35,15,1,1,0.791244,0.010331,0.789161,0.957611,0.011066,0.957266,0.051018,0.017128,0.046294,q_head
version2_vs_version3,q,23,27,15,1,1,0.487623,0.009547,0.485575,0.889997,0.032422,0.898186,0.05092,0.011668,0.047113,q_head
version2_vs_version3,q,12,22,15,1,1,0.725029,0.008178,0.725666,0.938237,0.014413,0.938858,0.050905,0.011052,0.048732,q_head
version2_vs_version3,q,26,5,15,1,1,0.495395,0.013286,0.496177,0.863698,0.036696,0.856461,0.050797,0.010222,0.050047,q_head
version2_vs_version3,q,10,27,15,1,1,0.790134,0.005824,0.788342,0.943459,0.012439,0.94289,0.050781,0.014269,0.047239,q_head
version2_vs_version3,q,33,18,15,1,1,0.692144,0.006423,0.691834,0.930457,0.016992,0.927545,0.050778,0.009368,0.051424,q_head
version2_vs_version3,q,27,2,15,1,1,0.591124,0.009653,0.5931,0.906215,0.02714,0.904391,0.05061,0.0144,0.049857,q_head
version2_vs_version3,v,27,1,15,1,1,0.128699,0.009003,0.125874,0.845742,0.039279,0.856315,0.051699,0.005516,0.051766,kv_head
version2_vs_version3,v,7,6,15,1,1,0.186159,0.015931,0.183036,0.865693,0.033285,0.872156,0.051362,0.010309,0.048058,kv_head
version2_vs_version3,v,29,3,15,1,1,0.41167,0.019618,0.414286,0.896599,0.028145,0.905262,0.050717,0.01182,0.04895,kv_head
version2_vs_version3,v,8,3,15,1,1,0.152939,0.016333,0.152578,0.87094,0.035014,0.882296,0.050528,0.009782,0.050735,kv_head
version2_vs_version3,v,16,5,15,1,1,0.106067,0.009917,0.102264,0.865824,0.033039,0.871899,0.049943,0.013747,0.047837,kv_head
version2_vs_version3,v,13,3,15,1,1,0.100887,0.013668,0.100883,0.813464,0.044945,0.822925,0.049687,0.009664,0.047161,kv_head
version2_vs_version3,v,23,7,15,1,1,0.046841,0.007117,0.047239,0.803369,0.049691,0.813887,0.049487,0.007885,0.051318,kv_head
version2_vs_version3,v,27,4,15,1,1,0.125116,0.010046,0.125136,0.869131,0.031822,0.881092,0.049059,0.009123,0.04829,kv_head
version2_vs_version3,v,31,3,15,1,1,0.14961,0.016235,0.146282,0.875667,0.032885,0.888783,0.048934,0.009454,0.04634,kv_head
version2_vs_version3,v,15,3,15,1,1,0.112544,0.015638,0.113089,0.856826,0.035559,0.857107,0.048801,0.009584,0.049755,kv_head
version2_vs_version3,v,33,6,15,1,1,0.066803,0.003946,0.066359,0.84002,0.033833,0.857775,0.04861,0.008201,0.046433,kv_head
version2_vs_version3,v,30,6,15,1,1,0.065391,0.004808,0.06482,0.858862,0.030679,0.867852,0.048548,0.008656,0.049592,kv_head
version2_vs_version3,v,6,7,15,1,1,0.062842,0.006028,0.061711,0.833354,0.040862,0.838705,0.04835,0.007658,0.048445,kv_head
version2_vs_version3,v,14,1,15,1,1,0.132378,0.018853,0.132343,0.802861,0.045287,0.812166,0.04827,0.007906,0.045404,kv_head
version2_vs_version3,v,21,7,15,1,1,0.076573,0.012025,0.077552,0.833993,0.041002,0.839112,0.048054,0.008463,0.044227,kv_head
version2_vs_version3,v,25,0,15,1,1,0.145294,0.012704,0.147448,0.808972,0.045351,0.821998,0.047905,0.007631,0.04557,kv_head
version2_vs_version3,v,31,0,15,1,1,0.184691,0.020134,0.182438,0.86317,0.040751,0.875298,0.047846,0.010322,0.045549,kv_head
version2_vs_version3,v,30,1,15,1,1,0.172515,0.024724,0.168242,0.853325,0.04211,0.863503,0.047707,0.010636,0.047109,kv_head
version2_vs_version3,v,38,3,15,1,1,0.097912,0.009343,0.097305,0.82626,0.041912,0.83278,0.04765,0.008718,0.047427,kv_head
version2_vs_version3,v,29,5,15,1,1,0.138232,0.010055,0.137331,0.851767,0.034646,0.860108,0.047528,0.007101,0.04528,kv_head
