pair,layer,n_rows,n_tasks,n_layers,n_heads,mean_pairwise_cosine_mean,mean_pairwise_cosine_std,mean_pairwise_cosine_median,maxmatch_cosine_mean,maxmatch_cosine_std,maxmatch_cosine_median,mmd_rbf_mean,mmd_rbf_std,mmd_rbf_median,l2_mean_mean,l2_mean_std,l2_mean_median,cka_total_count,cka_valid_count,cka_valid_rate,cka_linear_mean_valid_only,cka_linear_std_valid_only,cka_linear_median_valid_only
original_vs_version1,0,2000,50,1,40,0.392014,0.272679,0.317989,0.844022,0.091376,0.847882,0.069058,0.080711,0.03534,0.256254,0.126141,0.232252,2000,120,0.06,0.332254,0.193527,0.342605
original_vs_version1,1,2000,50,1,40,0.35077,0.282635,0.23215,0.854388,0.082763,0.859277,0.061611,0.077951,0.033686,0.261448,0.121045,0.231505,2000,120,0.06,0.379364,0.218939,0.387569
original_vs_version1,2,2000,50,1,40,0.197934,0.122138,0.17112,0.78609,0.074077,0.79106,0.050216,0.061553,0.02667,0.335863,0.13907,0.317986,2000,120,0.06,0.469086,0.220279,0.475028
original_vs_version1,3,2000,50,1,40,0.218622,0.08825,0.204596,0.785418,0.09514,0.807326,0.055846,0.067833,0.033027,0.398251,0.115278,0.384722,2000,120,0.06,0.458595,0.233102,0.461305
original_vs_version1,4,2000,50,1,40,0.256703,0.132197,0.23174,0.820524,0.066867,0.827216,0.04889,0.046676,0.029207,0.470702,0.158665,0.455396,2000,120,0.06,0.46706,0.234471,0.434732
original_vs_version1,5,2000,50,1,40,0.382553,0.238419,0.321138,0.884737,0.060629,0.895458,0.072053,0.117006,0.031838,0.472713,0.242571,0.486116,2000,120,0.06,0.489529,0.234032,0.477604
original_vs_version1,6,2000,50,1,40,0.298352,0.150907,0.278051,0.85502,0.058239,0.86665,0.048777,0.04364,0.03461,0.653129,0.226984,0.691538,2000,120,0.06,0.515897,0.215933,0.502924
original_vs_version1,7,2000,50,1,40,0.359784,0.157759,0.32557,0.888974,0.051904,0.898143,0.028735,0.03346,0.019288,0.715339,0.412066,0.702803,2000,120,0.06,0.327879,0.255421,0.281332
original_vs_version1,8,2000,50,1,40,0.388516,0.191517,0.359756,0.907483,0.04832,0.915971,0.024224,0.028852,0.015306,0.773113,0.470687,0.717022,2000,120,0.06,0.425032,0.278471,0.434979
original_vs_version1,9,2000,50,1,40,0.315307,0.208222,0.250928,0.906045,0.051593,0.912519,0.009019,0.007032,0.00706,0.836763,0.41498,0.836095,2000,120,0.06,0.410774,0.243428,0.399227
original_vs_version1,10,2000,50,1,40,0.251406,0.14545,0.225566,0.890667,0.051276,0.900024,0.012061,0.009892,0.008598,1.07401,0.519744,1.054198,2000,120,0.06,0.441121,0.261781,0.416694
original_vs_version1,11,2000,50,1,40,0.267947,0.142877,0.23649,0.894274,0.046681,0.902316,0.014,0.015064,0.00977,1.261795,0.519117,1.25624,2000,120,0.06,0.452555,0.244265,0.494931
original_vs_version1,12,2000,50,1,40,0.340861,0.168192,0.30833,0.93026,0.032619,0.933764,0.012845,0.009285,0.01047,1.321298,0.607174,1.310488,2000,120,0.06,0.471156,0.22553,0.496364
original_vs_version1,13,2000,50,1,40,0.336077,0.168149,0.310306,0.914016,0.04857,0.923669,0.017958,0.017418,0.011623,1.619549,0.7902,1.581972,2000,120,0.06,0.448413,0.220555,0.450485
original_vs_version1,14,2000,50,1,40,0.367128,0.22981,0.291998,0.923804,0.04466,0.929747,0.019291,0.042161,0.009401,1.58066,0.860322,1.538941,2000,120,0.06,0.488301,0.246928,0.457916
original_vs_version1,15,2000,50,1,40,0.261651,0.141069,0.24154,0.925511,0.033496,0.931092,0.010299,0.006676,0.00848,1.977549,0.75212,1.890911,2000,120,0.06,0.533883,0.241201,0.563397
original_vs_version1,16,2000,50,1,40,0.27671,0.14634,0.261683,0.925772,0.035773,0.932518,0.010488,0.008613,0.008217,2.355763,0.999429,2.230706,2000,120,0.06,0.569617,0.245463,0.61504
original_vs_version1,17,2000,50,1,40,0.319444,0.160374,0.283336,0.932501,0.028987,0.93666,0.015459,0.02342,0.009613,2.452261,0.826854,2.463685,2000,120,0.06,0.603755,0.232846,0.634868
original_vs_version1,18,2000,50,1,40,0.326661,0.169967,0.298234,0.920868,0.035833,0.924962,0.015618,0.017607,0.009657,2.51489,1.288964,2.42238,2000,120,0.06,0.555369,0.237187,0.587188
original_vs_version1,19,2000,50,1,40,0.273565,0.112564,0.252446,0.912764,0.034926,0.918344,0.010042,0.005381,0.008708,2.911099,0.929268,2.778841,2000,120,0.06,0.546469,0.237315,0.565758
original_vs_version1,20,2000,50,1,40,0.289558,0.138159,0.250583,0.910948,0.039024,0.91794,0.013299,0.011962,0.00957,2.959915,1.312548,2.863136,2000,120,0.06,0.564808,0.250132,0.59675
original_vs_version1,21,2000,50,1,40,0.295077,0.128583,0.261024,0.926503,0.02798,0.929928,0.01266,0.011115,0.009666,3.642262,1.400495,3.320059,2000,120,0.06,0.583702,0.25822,0.62965
original_vs_version1,22,2000,50,1,40,0.293574,0.152389,0.275559,0.921861,0.035412,0.928588,0.011162,0.009718,0.009044,3.870732,1.233929,3.794991,2000,120,0.06,0.652098,0.236484,0.73655
original_vs_version1,23,2000,50,1,40,0.324068,0.145376,0.275688,0.914689,0.041592,0.92009,0.014141,0.016753,0.008973,2.83958,1.263109,2.822054,2000,120,0.06,0.574219,0.257137,0.634456
original_vs_version1,24,2000,50,1,40,0.320692,0.160654,0.262748,0.92434,0.03519,0.929353,0.016707,0.022979,0.009946,3.902665,2.04467,3.685903,2000,120,0.06,0.570682,0.263146,0.629264
original_vs_version1,25,2000,50,1,40,0.326508,0.087142,0.317014,0.923877,0.030867,0.929738,0.02083,0.037037,0.009317,3.744031,1.456061,3.361684,2000,120,0.06,0.60776,0.251133,0.6644
original_vs_version1,26,2000,50,1,40,0.325337,0.168312,0.282484,0.920634,0.03279,0.924964,0.022198,0.035697,0.008536,3.681139,1.599073,3.774002,2000,120,0.06,0.495903,0.263478,0.521386
original_vs_version1,27,2000,50,1,40,0.263678,0.086125,0.261933,0.916512,0.033291,0.922338,0.00947,0.005263,0.008317,5.409143,2.49924,4.969983,2000,120,0.06,0.504829,0.234835,0.529557
original_vs_version1,28,2000,50,1,40,0.274427,0.141444,0.255553,0.912546,0.044221,0.922846,0.010462,0.01258,0.007651,4.747653,1.903913,4.678874,2000,120,0.06,0.46915,0.272063,0.459423
original_vs_version1,29,2000,50,1,40,0.317902,0.173389,0.258947,0.913079,0.035027,0.91809,0.016747,0.025108,0.008508,4.538403,1.666458,4.406459,2000,120,0.06,0.449898,0.276708,0.486649
original_vs_version1,30,2000,50,1,40,0.333585,0.172232,0.27717,0.90591,0.051155,0.91295,0.009808,0.00538,0.008461,5.426424,2.658875,4.705054,2000,120,0.06,0.420574,0.256018,0.398592
original_vs_version1,31,2000,50,1,40,0.367149,0.132793,0.364721,0.922227,0.035501,0.92766,0.013545,0.011935,0.0101,6.068989,2.678485,5.915964,2000,120,0.06,0.491478,0.251362,0.50844
original_vs_version1,32,2000,50,1,40,0.395241,0.19196,0.363518,0.901171,0.048465,0.909367,0.026125,0.025349,0.018189,5.291634,3.762385,3.895842,2000,120,0.06,0.415875,0.261251,0.395468
original_vs_version1,33,2000,50,1,40,0.35964,0.139065,0.343165,0.893163,0.048294,0.902568,0.022959,0.021911,0.014524,6.154327,2.887682,5.750776,2000,120,0.06,0.467656,0.302992,0.472748
original_vs_version1,34,2000,50,1,40,0.34398,0.199159,0.298484,0.879664,0.055137,0.881302,0.02552,0.021254,0.018731,6.9883,4.481521,6.074536,2000,120,0.06,0.429406,0.3363,0.348646
original_vs_version1,35,2000,50,1,40,0.359761,0.142852,0.326015,0.86003,0.060462,0.863303,0.033792,0.026486,0.026208,6.180835,2.743279,5.517431,2000,120,0.06,0.356605,0.290035,0.264196
original_vs_version1,36,2000,50,1,40,0.345099,0.13574,0.318786,0.864568,0.065631,0.877257,0.039313,0.061118,0.020118,10.323009,7.377428,8.419696,2000,120,0.06,0.468868,0.316033,0.495418
original_vs_version1,37,2000,50,1,40,0.3818,0.136073,0.351484,0.863984,0.054527,0.869417,0.038297,0.033488,0.027414,12.131627,6.100299,11.019513,2000,120,0.06,0.41287,0.273393,0.364314
original_vs_version1,38,2000,50,1,40,0.415528,0.19289,0.402465,0.869123,0.062867,0.873836,0.047544,0.050714,0.028812,17.909695,10.967329,16.493446,2000,120,0.06,0.533645,0.303247,0.589412
original_vs_version1,39,2000,50,1,40,0.409116,0.224183,0.406474,0.8559,0.066724,0.859231,0.066256,0.088024,0.03474,18.194089,11.995057,17.153966,2000,120,0.06,0.543784,0.284478,0.618683
original_vs_version2,0,2000,50,1,40,0.437947,0.270812,0.385422,0.94997,0.036461,0.955452,0.01596,0.029736,0.006584,0.239138,0.129493,0.207051,2000,200,0.1,0.686202,0.179907,0.704019
original_vs_version2,1,2000,50,1,40,0.379931,0.289178,0.270434,0.947715,0.035083,0.950699,0.013939,0.02046,0.00781,0.246316,0.115577,0.225067,2000,200,0.1,0.741419,0.159131,0.760363
original_vs_version2,2,2000,50,1,40,0.232308,0.140249,0.202587,0.91364,0.04127,0.918147,0.016439,0.022369,0.007624,0.328912,0.13978,0.317513,2000,200,0.1,0.76393,0.162574,0.787107
original_vs_version2,3,2000,50,1,40,0.259244,0.093437,0.247466,0.908056,0.044481,0.915433,0.017267,0.017583,0.01166,0.383594,0.113409,0.367806,2000,200,0.1,0.746627,0.180151,0.793547
original_vs_version2,4,2000,50,1,40,0.294702,0.144579,0.271766,0.920468,0.039924,0.926501,0.018806,0.021985,0.010191,0.453041,0.156494,0.437095,2000,200,0.1,0.781165,0.16192,0.814081
original_vs_version2,5,2000,50,1,40,0.408062,0.239603,0.342908,0.950246,0.030521,0.956014,0.030272,0.068846,0.010008,0.454804,0.238998,0.466844,2000,200,0.1,0.792703,0.163307,0.818201
original_vs_version2,6,2000,50,1,40,0.329056,0.161582,0.31442,0.933562,0.034915,0.939756,0.019879,0.022473,0.011966,0.630989,0.224427,0.662124,2000,200,0.1,0.795506,0.129527,0.826127
original_vs_version2,7,2000,50,1,40,0.385842,0.161648,0.34764,0.945903,0.028261,0.951501,0.012377,0.013906,0.008065,0.697177,0.402683,0.692929,2000,200,0.1,0.681471,0.233698,0.719564
original_vs_version2,8,2000,50,1,40,0.404324,0.191187,0.377859,0.953363,0.026357,0.95809,0.010295,0.012571,0.006642,0.755185,0.457561,0.687436,2000,200,0.1,0.728118,0.211233,0.771038
original_vs_version2,9,2000,50,1,40,0.326454,0.207293,0.262018,0.956223,0.024819,0.959161,0.00409,0.00322,0.003222,0.81632,0.40874,0.809874,2000,200,0.1,0.758662,0.179961,0.805362
original_vs_version2,10,2000,50,1,40,0.26341,0.148018,0.23618,0.942968,0.031576,0.948609,0.006172,0.006653,0.004021,1.06,0.514215,1.035581,2000,200,0.1,0.742848,0.183192,0.782712
original_vs_version2,11,2000,50,1,40,0.277126,0.144107,0.246066,0.940856,0.028071,0.944778,0.008097,0.009918,0.005204,1.246986,0.516791,1.235225,2000,200,0.1,0.730408,0.181674,0.755349
original_vs_version2,12,2000,50,1,40,0.351073,0.168932,0.319308,0.960118,0.020575,0.962892,0.007342,0.006131,0.005521,1.301643,0.605939,1.29973,2000,200,0.1,0.77936,0.147606,0.799222
original_vs_version2,13,2000,50,1,40,0.346632,0.169348,0.321134,0.950164,0.030891,0.956952,0.010246,0.011147,0.006253,1.602981,0.790418,1.552968,2000,200,0.1,0.743792,0.15285,0.762095
original_vs_version2,14,2000,50,1,40,0.377557,0.229903,0.303998,0.959826,0.024967,0.963471,0.00991,0.030197,0.00467,1.559283,0.857355,1.519901,2000,200,0.1,0.77651,0.149262,0.81097
original_vs_version2,15,2000,50,1,40,0.270063,0.14097,0.249961,0.960323,0.019689,0.963781,0.005036,0.003589,0.004053,1.964019,0.748821,1.872384,2000,200,0.1,0.822692,0.12487,0.853636
original_vs_version2,16,2000,50,1,40,0.284641,0.14788,0.270272,0.960866,0.01911,0.964467,0.005492,0.005197,0.004153,2.336464,0.996908,2.213163,2000,200,0.1,0.83754,0.110561,0.869082
original_vs_version2,17,2000,50,1,40,0.328605,0.163159,0.291946,0.964989,0.01711,0.967126,0.006612,0.009154,0.004393,2.432708,0.834245,2.44522,2000,200,0.1,0.855296,0.104607,0.889038
original_vs_version2,18,2000,50,1,40,0.336764,0.171416,0.309814,0.959194,0.020221,0.961672,0.006881,0.007844,0.004425,2.494494,1.291189,2.408238,2000,200,0.1,0.841474,0.121273,0.873852
original_vs_version2,19,2000,50,1,40,0.281672,0.113335,0.261292,0.952681,0.020985,0.955598,0.005057,0.003084,0.004323,2.896233,0.9316,2.763415,2000,200,0.1,0.827625,0.11983,0.862354
original_vs_version2,20,2000,50,1,40,0.298135,0.139382,0.260293,0.951348,0.024134,0.95596,0.007143,0.00806,0.004779,2.943152,1.315147,2.847821,2000,200,0.1,0.849537,0.120429,0.887027
original_vs_version2,21,2000,50,1,40,0.302949,0.130635,0.268566,0.958453,0.01855,0.961403,0.006416,0.005963,0.004755,3.623505,1.39971,3.3105,2000,200,0.1,0.854281,0.111487,0.88079
original_vs_version2,22,2000,50,1,40,0.30329,0.153851,0.282732,0.957944,0.021604,0.96218,0.005071,0.003364,0.004284,3.851291,1.23194,3.772347,2000,200,0.1,0.873965,0.090165,0.898832
original_vs_version2,23,2000,50,1,40,0.332577,0.144744,0.287926,0.953998,0.023579,0.957328,0.006796,0.008605,0.004521,2.820476,1.2692,2.821642,2000,200,0.1,0.860266,0.122003,0.901702
original_vs_version2,24,2000,50,1,40,0.329446,0.162574,0.272234,0.956719,0.022278,0.960326,0.010156,0.017396,0.005102,3.895411,2.054778,3.670563,2000,200,0.1,0.844656,0.118626,0.875082
original_vs_version2,25,2000,50,1,40,0.338616,0.098145,0.324986,0.960671,0.017443,0.963722,0.008096,0.01358,0.004621,3.728213,1.474622,3.381296,2000,200,0.1,0.864648,0.102717,0.894507
original_vs_version2,26,2000,50,1,40,0.337195,0.178353,0.287715,0.960701,0.017407,0.963446,0.00734,0.010435,0.004145,3.663782,1.610212,3.703198,2000,200,0.1,0.788118,0.150754,0.833104
original_vs_version2,27,2000,50,1,40,0.272568,0.086958,0.271699,0.958612,0.018116,0.961125,0.004018,0.002281,0.003563,5.395629,2.465749,4.919713,2000,200,0.1,0.810693,0.116162,0.836216
original_vs_version2,28,2000,50,1,40,0.284697,0.141782,0.26557,0.9541,0.023002,0.958352,0.004949,0.005113,0.003778,4.727195,1.914406,4.707064,2000,200,0.1,0.801782,0.165665,0.842421
original_vs_version2,29,2000,50,1,40,0.33032,0.18037,0.267803,0.959085,0.019464,0.960845,0.00576,0.007861,0.003556,4.507978,1.620959,4.408014,2000,200,0.1,0.757182,0.182956,0.800144
original_vs_version2,30,2000,50,1,40,0.340958,0.169948,0.28294,0.951099,0.029004,0.955123,0.004391,0.002639,0.003724,5.42743,2.610807,4.765392,2000,200,0.1,0.720251,0.193887,0.748126
original_vs_version2,31,2000,50,1,40,0.377495,0.134437,0.37737,0.962471,0.019116,0.965588,0.005534,0.005537,0.004179,6.045812,2.661412,5.865339,2000,200,0.1,0.789393,0.148922,0.818311
original_vs_version2,32,2000,50,1,40,0.414271,0.195489,0.38099,0.951216,0.030579,0.957748,0.010514,0.010779,0.00701,5.206324,3.734597,3.840828,2000,200,0.1,0.730782,0.200321,0.778176
original_vs_version2,33,2000,50,1,40,0.376192,0.139131,0.356657,0.94702,0.027535,0.952738,0.010459,0.012007,0.005798,6.151064,2.949532,5.752012,2000,200,0.1,0.769171,0.222827,0.847723
original_vs_version2,34,2000,50,1,40,0.364895,0.198881,0.324976,0.93958,0.038221,0.944838,0.011389,0.01304,0.006686,6.852184,4.43018,5.869219,2000,200,0.1,0.759034,0.237573,0.864861
original_vs_version2,35,2000,50,1,40,0.390603,0.140429,0.359264,0.929371,0.043241,0.938963,0.014879,0.016252,0.010002,5.99335,2.723233,5.328677,2000,200,0.1,0.731664,0.237581,0.826979
original_vs_version2,36,2000,50,1,40,0.384331,0.142752,0.358775,0.946957,0.027881,0.951965,0.009303,0.011277,0.005706,10.079942,7.361263,8.114596,2000,200,0.1,0.738868,0.204023,0.791703
original_vs_version2,37,2000,50,1,40,0.42104,0.144866,0.378968,0.943126,0.031841,0.948559,0.011779,0.011492,0.008168,11.912974,6.091188,10.768867,2000,200,0.1,0.723838,0.212317,0.793013
original_vs_version2,38,2000,50,1,40,0.448376,0.20163,0.459009,0.948876,0.029467,0.953992,0.012782,0.015427,0.007445,17.562611,10.896829,16.17057,2000,200,0.1,0.788302,0.169744,0.819024
original_vs_version2,39,2000,50,1,40,0.44248,0.232643,0.443816,0.94877,0.030079,0.951277,0.013465,0.02015,0.007068,17.572285,11.908477,16.37592,2000,200,0.1,0.830262,0.117899,0.856594
original_vs_version3,0,2000,50,1,40,0.43539,0.270276,0.378334,0.936804,0.041922,0.941695,0.020865,0.03379,0.008808,0.239962,0.129318,0.209324,2000,40,0.02,0.351566,0.167511,0.306126
original_vs_version3,1,2000,50,1,40,0.376583,0.289022,0.267007,0.928075,0.043454,0.927938,0.019675,0.024273,0.011587,0.247475,0.115003,0.226348,2000,40,0.02,0.366305,0.169722,0.337828
original_vs_version3,2,2000,50,1,40,0.223412,0.135777,0.194559,0.878082,0.046037,0.880592,0.023562,0.029093,0.011908,0.331772,0.139731,0.319306,2000,40,0.02,0.415259,0.155224,0.387195
original_vs_version3,3,2000,50,1,40,0.246549,0.090644,0.233439,0.865713,0.050458,0.874153,0.026097,0.021938,0.020125,0.387041,0.112957,0.371859,2000,40,0.02,0.401477,0.158817,0.358151
original_vs_version3,4,2000,50,1,40,0.283585,0.141917,0.258345,0.884855,0.048707,0.889236,0.027954,0.029863,0.016037,0.456546,0.155104,0.4406,2000,40,0.02,0.437742,0.194428,0.377452
original_vs_version3,5,2000,50,1,40,0.401838,0.238756,0.334378,0.926653,0.04039,0.933338,0.050454,0.097116,0.018699,0.457911,0.238587,0.468529,2000,40,0.02,0.484384,0.201122,0.463944
original_vs_version3,6,2000,50,1,40,0.317181,0.159513,0.301028,0.900357,0.044831,0.907488,0.030437,0.029458,0.020331,0.636993,0.224196,0.667111,2000,40,0.02,0.517103,0.150696,0.566356
original_vs_version3,7,2000,50,1,40,0.378498,0.161914,0.339125,0.923145,0.036642,0.928217,0.017806,0.018307,0.01203,0.701245,0.404803,0.687381,2000,40,0.02,0.295928,0.204569,0.255523
original_vs_version3,8,2000,50,1,40,0.398803,0.19171,0.375396,0.932594,0.036655,0.938516,0.015139,0.016993,0.00989,0.758615,0.45756,0.699204,2000,40,0.02,0.427694,0.224887,0.391874
original_vs_version3,9,2000,50,1,40,0.324607,0.209506,0.259397,0.932222,0.037653,0.934826,0.006272,0.005399,0.004632,0.817357,0.411172,0.809711,2000,40,0.02,0.398199,0.16397,0.365636
original_vs_version3,10,2000,50,1,40,0.258679,0.148502,0.231469,0.914363,0.041812,0.919886,0.00916,0.008669,0.006504,1.062641,0.517119,1.032324,2000,40,0.02,0.415773,0.195896,0.364837
original_vs_version3,11,2000,50,1,40,0.271483,0.1442,0.23987,0.907872,0.042813,0.91375,0.012598,0.014406,0.008324,1.247422,0.515303,1.235314,2000,40,0.02,0.465677,0.166421,0.452701
original_vs_version3,12,2000,50,1,40,0.346949,0.171341,0.313199,0.936076,0.032998,0.93964,0.01225,0.009728,0.009455,1.302788,0.607157,1.296613,2000,40,0.02,0.47006,0.126457,0.479479
original_vs_version3,13,2000,50,1,40,0.339401,0.168598,0.312598,0.923087,0.045846,0.931944,0.015965,0.015583,0.010218,1.609238,0.78655,1.564282,2000,40,0.02,0.39241,0.142726,0.406594
original_vs_version3,14,2000,50,1,40,0.373108,0.229906,0.297333,0.9365,0.038502,0.941994,0.016546,0.045559,0.008012,1.560275,0.856719,1.520683,2000,40,0.02,0.430164,0.17321,0.425889
original_vs_version3,15,2000,50,1,40,0.266516,0.142141,0.245547,0.935269,0.032372,0.940855,0.009019,0.00645,0.007259,1.960987,0.746264,1.871962,2000,40,0.02,0.518969,0.142319,0.537773
original_vs_version3,16,2000,50,1,40,0.280991,0.147607,0.266544,0.936136,0.031096,0.94127,0.009687,0.008931,0.007403,2.33791,0.993902,2.215138,2000,40,0.02,0.531678,0.153395,0.549644
original_vs_version3,17,2000,50,1,40,0.325465,0.162474,0.28909,0.944301,0.026973,0.947098,0.011532,0.014488,0.007861,2.42868,0.834307,2.445636,2000,40,0.02,0.586617,0.152532,0.579946
original_vs_version3,18,2000,50,1,40,0.333373,0.172111,0.305423,0.935355,0.032423,0.938365,0.011549,0.01168,0.007956,2.490238,1.293193,2.40943,2000,40,0.02,0.548826,0.148312,0.542214
original_vs_version3,19,2000,50,1,40,0.27818,0.114417,0.25735,0.92533,0.033549,0.929426,0.008761,0.005281,0.0075,2.890224,0.933296,2.758646,2000,40,0.02,0.547115,0.14557,0.533311
original_vs_version3,20,2000,50,1,40,0.294421,0.139397,0.254512,0.924401,0.037358,0.931622,0.011891,0.012218,0.008302,2.936731,1.314207,2.842306,2000,40,0.02,0.586926,0.151013,0.56774
original_vs_version3,21,2000,50,1,40,0.299967,0.130561,0.265629,0.937201,0.028124,0.940544,0.010805,0.00932,0.008142,3.612516,1.39816,3.304444,2000,40,0.02,0.590942,0.146859,0.591309
original_vs_version3,22,2000,50,1,40,0.299784,0.154523,0.27962,0.932549,0.035844,0.940012,0.00891,0.005681,0.007623,3.844305,1.228272,3.776969,2000,40,0.02,0.611654,0.127316,0.581566
original_vs_version3,23,2000,50,1,40,0.33037,0.145522,0.283462,0.929881,0.036328,0.934673,0.01085,0.011765,0.007422,2.808767,1.266291,2.80645,2000,40,0.02,0.603507,0.131244,0.609818
original_vs_version3,24,2000,50,1,40,0.325381,0.160394,0.26717,0.934125,0.033341,0.938254,0.01646,0.025813,0.008566,3.88854,2.045982,3.674512,2000,40,0.02,0.56273,0.135928,0.573292
original_vs_version3,25,2000,50,1,40,0.334767,0.096237,0.321932,0.93915,0.025464,0.943012,0.01305,0.019415,0.008012,3.722276,1.471676,3.374584,2000,40,0.02,0.575362,0.158163,0.579424
original_vs_version3,26,2000,50,1,40,0.334635,0.177239,0.285677,0.938522,0.027989,0.941928,0.012087,0.015457,0.007054,3.652656,1.607724,3.683643,2000,40,0.02,0.478104,0.181526,0.502349
original_vs_version3,27,2000,50,1,40,0.269725,0.086337,0.268129,0.932899,0.028383,0.936636,0.006864,0.003627,0.006155,5.381122,2.459901,4.923766,2000,40,0.02,0.478507,0.152001,0.439257
original_vs_version3,28,2000,50,1,40,0.282605,0.142419,0.264445,0.9313,0.034074,0.937044,0.007962,0.008244,0.006175,4.69695,1.907105,4.686247,2000,40,0.02,0.491928,0.162501,0.474692
original_vs_version3,29,2000,50,1,40,0.326799,0.179606,0.265116,0.935676,0.02944,0.936194,0.009023,0.011264,0.005694,4.501444,1.615472,4.399557,2000,40,0.02,0.416792,0.180472,0.405416
original_vs_version3,30,2000,50,1,40,0.338041,0.170291,0.27955,0.928323,0.038213,0.931843,0.006598,0.003708,0.005662,5.410569,2.596718,4.785699,2000,40,0.02,0.363741,0.174969,0.360362
original_vs_version3,31,2000,50,1,40,0.373485,0.134315,0.373508,0.942406,0.028279,0.946549,0.008679,0.00721,0.006812,6.026282,2.64727,5.886968,2000,40,0.02,0.406628,0.153723,0.42334
original_vs_version3,32,2000,50,1,40,0.408585,0.195975,0.373007,0.928613,0.042076,0.935358,0.015282,0.013925,0.010834,5.186858,3.710452,3.863606,2000,40,0.02,0.378197,0.24534,0.315542
original_vs_version3,33,2000,50,1,40,0.371851,0.139523,0.354716,0.925422,0.032758,0.929394,0.014951,0.015533,0.008738,6.121509,2.941743,5.733199,2000,40,0.02,0.502161,0.225362,0.505713
original_vs_version3,34,2000,50,1,40,0.363489,0.199168,0.323678,0.921497,0.044878,0.926104,0.014927,0.0146,0.00983,6.798071,4.400955,5.86242,2000,40,0.02,0.368478,0.219587,0.360288
original_vs_version3,35,2000,50,1,40,0.387437,0.141363,0.356207,0.910255,0.046017,0.915498,0.019094,0.017967,0.014042,5.942286,2.72295,5.275987,2000,40,0.02,0.296006,0.225261,0.231464
original_vs_version3,36,2000,50,1,40,0.379861,0.142691,0.353777,0.925695,0.034641,0.930811,0.012957,0.012951,0.008609,10.021815,7.325483,8.017684,2000,40,0.02,0.334476,0.215884,0.342763
original_vs_version3,37,2000,50,1,40,0.41507,0.144833,0.371534,0.922811,0.038828,0.926846,0.016339,0.014865,0.011906,11.874324,6.07233,10.77499,2000,40,0.02,0.28802,0.180652,0.238736
original_vs_version3,38,2000,50,1,40,0.443898,0.202599,0.448712,0.928898,0.03889,0.935766,0.017486,0.018033,0.011103,17.505814,10.856282,16.064599,2000,40,0.02,0.429142,0.180473,0.445938
original_vs_version3,39,2000,50,1,40,0.436652,0.232746,0.437369,0.92509,0.041177,0.928603,0.019919,0.026835,0.011404,17.567489,11.836483,16.412996,2000,40,0.02,0.507488,0.161971,0.488753
version1_vs_version2,0,2000,50,1,40,0.391179,0.272977,0.314852,0.850355,0.092311,0.854726,0.064755,0.078377,0.032298,0.257139,0.126507,0.233282,2000,40,0.02,0.558713,0.16199,0.553073
version1_vs_version2,1,2000,50,1,40,0.352251,0.281988,0.234105,0.861873,0.082743,0.869644,0.058082,0.075691,0.03079,0.261361,0.121494,0.230486,2000,40,0.02,0.53511,0.171618,0.51158
version1_vs_version2,2,2000,50,1,40,0.200944,0.123153,0.173994,0.796217,0.074426,0.798072,0.04738,0.060306,0.025199,0.335098,0.139423,0.314636,2000,40,0.02,0.602846,0.161499,0.615027
version1_vs_version2,3,2000,50,1,40,0.21922,0.088504,0.205221,0.7923,0.096403,0.813284,0.054182,0.067962,0.030932,0.398012,0.11577,0.38178,2000,40,0.02,0.620877,0.167813,0.614731
version1_vs_version2,4,2000,50,1,40,0.25721,0.132354,0.2321,0.82505,0.067731,0.82905,0.047496,0.045789,0.028704,0.470666,0.159298,0.454623,2000,40,0.02,0.646295,0.182079,0.6532
version1_vs_version2,5,2000,50,1,40,0.384216,0.239098,0.32098,0.888868,0.061894,0.899502,0.068492,0.11429,0.030584,0.471774,0.242749,0.483906,2000,40,0.02,0.694102,0.184049,0.711047
version1_vs_version2,6,2000,50,1,40,0.299735,0.152168,0.277506,0.856841,0.059381,0.866252,0.047144,0.040329,0.034327,0.650211,0.228692,0.691362,2000,40,0.02,0.687343,0.133292,0.676176
version1_vs_version2,7,2000,50,1,40,0.359172,0.159889,0.323296,0.887786,0.05406,0.89668,0.029514,0.033595,0.019842,0.716463,0.414412,0.698224,2000,40,0.02,0.518096,0.218455,0.54228
version1_vs_version2,8,2000,50,1,40,0.389694,0.194418,0.359976,0.907843,0.049708,0.915321,0.024167,0.028574,0.015275,0.770345,0.471338,0.711666,2000,40,0.02,0.607098,0.21143,0.643107
version1_vs_version2,9,2000,50,1,40,0.31638,0.208442,0.252819,0.906924,0.052658,0.91226,0.009219,0.007302,0.007129,0.832696,0.41319,0.833346,2000,40,0.02,0.725061,0.162314,0.721634
version1_vs_version2,10,2000,50,1,40,0.251959,0.145683,0.227696,0.891965,0.052156,0.89943,0.011944,0.009657,0.00858,1.070461,0.519578,1.047845,2000,40,0.02,0.651604,0.184095,0.681364
version1_vs_version2,11,2000,50,1,40,0.268215,0.14375,0.236454,0.892613,0.048882,0.899754,0.014274,0.01442,0.010274,1.25896,0.519926,1.251845,2000,40,0.02,0.659786,0.148053,0.642828
version1_vs_version2,12,2000,50,1,40,0.340311,0.168226,0.308044,0.928695,0.033732,0.93163,0.013554,0.009914,0.010917,1.323235,0.607217,1.313207,2000,40,0.02,0.694332,0.143959,0.696228
version1_vs_version2,13,2000,50,1,40,0.335309,0.168392,0.306004,0.912654,0.049359,0.922382,0.0184,0.017121,0.012122,1.6188,0.790168,1.577202,2000,40,0.02,0.652327,0.136271,0.647389
version1_vs_version2,14,2000,50,1,40,0.367675,0.229944,0.29256,0.923167,0.045048,0.928394,0.020432,0.047085,0.010053,1.575336,0.859257,1.534788,2000,40,0.02,0.68199,0.127725,0.692528
version1_vs_version2,15,2000,50,1,40,0.261794,0.141117,0.241128,0.924231,0.034518,0.928998,0.010658,0.006982,0.008712,1.97216,0.751788,1.884108,2000,40,0.02,0.735759,0.121476,0.736588
version1_vs_version2,16,2000,50,1,40,0.276834,0.146124,0.261887,0.924764,0.036135,0.931101,0.010837,0.008799,0.008606,2.349683,0.998193,2.227963,2000,40,0.02,0.754597,0.128522,0.792688
version1_vs_version2,17,2000,50,1,40,0.319525,0.160227,0.282791,0.932466,0.029219,0.935766,0.01543,0.0228,0.009959,2.448362,0.826713,2.465238,2000,40,0.02,0.806808,0.102933,0.828402
version1_vs_version2,18,2000,50,1,40,0.327624,0.170525,0.29917,0.921974,0.035323,0.924966,0.015023,0.015519,0.009854,2.508377,1.287891,2.419716,2000,40,0.02,0.801969,0.090848,0.811972
version1_vs_version2,19,2000,50,1,40,0.273816,0.112433,0.254286,0.91225,0.035505,0.91709,0.010255,0.005593,0.008992,2.903474,0.92565,2.776524,2000,40,0.02,0.756706,0.127819,0.797056
version1_vs_version2,20,2000,50,1,40,0.290309,0.138408,0.251305,0.911182,0.039089,0.916806,0.013285,0.011394,0.009676,2.951574,1.310141,2.85004,2000,40,0.02,0.797869,0.111331,0.820162
version1_vs_version2,21,2000,50,1,40,0.295456,0.12882,0.261643,0.925692,0.028708,0.928582,0.012639,0.010222,0.009986,3.631625,1.398917,3.303406,2000,40,0.02,0.823317,0.074136,0.825809
version1_vs_version2,22,2000,50,1,40,0.293576,0.152234,0.275832,0.920483,0.036826,0.927322,0.011417,0.00951,0.009398,3.864881,1.232634,3.787998,2000,40,0.02,0.834237,0.079387,0.846928
version1_vs_version2,23,2000,50,1,40,0.324528,0.145122,0.276583,0.915169,0.041009,0.91996,0.013964,0.01564,0.009036,2.835738,1.261884,2.826552,2000,40,0.02,0.827446,0.135023,0.8748
version1_vs_version2,24,2000,50,1,40,0.321777,0.162363,0.263245,0.924455,0.034795,0.928696,0.016502,0.020898,0.01028,3.892601,2.041602,3.676221,2000,40,0.02,0.823989,0.092378,0.821142
version1_vs_version2,25,2000,50,1,40,0.326569,0.087869,0.316151,0.924019,0.030341,0.92871,0.02035,0.034733,0.00972,3.735907,1.458684,3.35817,2000,40,0.02,0.822543,0.104877,0.854197
version1_vs_version2,26,2000,50,1,40,0.32685,0.170072,0.28332,0.921177,0.032175,0.925279,0.021408,0.033746,0.008784,3.673565,1.599823,3.758778,2000,40,0.02,0.693875,0.171132,0.737378
version1_vs_version2,27,2000,50,1,40,0.263874,0.085782,0.262447,0.915607,0.033766,0.921007,0.009667,0.005358,0.00855,5.401601,2.50106,4.956134,2000,40,0.02,0.743314,0.130605,0.769913
version1_vs_version2,28,2000,50,1,40,0.274488,0.141596,0.256528,0.912686,0.043463,0.921091,0.010576,0.012261,0.00798,4.742197,1.909611,4.696257,2000,40,0.02,0.740319,0.175992,0.751054
version1_vs_version2,29,2000,50,1,40,0.318602,0.173898,0.25906,0.912239,0.036055,0.915684,0.01646,0.023813,0.00879,4.51708,1.666467,4.368108,2000,40,0.02,0.726562,0.170088,0.781109
version1_vs_version2,30,2000,50,1,40,0.333171,0.17255,0.27661,0.904779,0.052173,0.911708,0.009991,0.005662,0.00868,5.415231,2.660387,4.676909,2000,40,0.02,0.644445,0.207887,0.681811
version1_vs_version2,31,2000,50,1,40,0.36701,0.132893,0.363218,0.921829,0.036814,0.926308,0.013409,0.011458,0.010332,6.041097,2.67319,5.89526,2000,40,0.02,0.700046,0.171043,0.725625
version1_vs_version2,32,2000,50,1,40,0.395958,0.193307,0.363476,0.900254,0.051714,0.907664,0.02611,0.024449,0.018616,5.258372,3.757299,3.9034,2000,40,0.02,0.624507,0.253634,0.700645
version1_vs_version2,33,2000,50,1,40,0.359924,0.139842,0.343449,0.895453,0.047583,0.902994,0.022914,0.021301,0.01435,6.143743,2.899611,5.752754,2000,40,0.02,0.759119,0.204935,0.808768
version1_vs_version2,34,2000,50,1,40,0.344044,0.198298,0.29884,0.883988,0.058677,0.887732,0.024868,0.021374,0.018028,6.987671,4.480774,6.046216,2000,40,0.02,0.733529,0.210142,0.768979
version1_vs_version2,35,2000,50,1,40,0.360639,0.143352,0.327066,0.862908,0.062211,0.86801,0.032869,0.025914,0.025936,6.191177,2.73543,5.530111,2000,40,0.02,0.565903,0.270508,0.611364
version1_vs_version2,36,2000,50,1,40,0.34612,0.135604,0.318922,0.867876,0.06704,0.880155,0.038686,0.062318,0.019348,10.243493,7.346342,8.262757,2000,40,0.02,0.672,0.245749,0.740906
version1_vs_version2,37,2000,50,1,40,0.382167,0.138299,0.351124,0.865523,0.057721,0.872524,0.037399,0.03281,0.026743,12.050279,6.059191,10.980102,2000,40,0.02,0.649577,0.195747,0.66149
version1_vs_version2,38,2000,50,1,40,0.416887,0.193505,0.410924,0.873653,0.064956,0.879654,0.045397,0.049838,0.027852,17.764312,10.887308,16.382224,2000,40,0.02,0.797059,0.133362,0.818154
version1_vs_version2,39,2000,50,1,40,0.410796,0.225018,0.4113,0.861,0.068224,0.864423,0.063522,0.084439,0.034554,18.095364,11.927916,17.075714,2000,40,0.02,0.79834,0.118015,0.820445
version1_vs_version3,0,2000,50,1,40,0.391315,0.272514,0.312944,0.849713,0.091954,0.854858,0.065468,0.079434,0.032172,0.25711,0.12645,0.232595,2000,40,0.02,0.336433,0.126676,0.351803
version1_vs_version3,1,2000,50,1,40,0.351513,0.281989,0.232505,0.858405,0.083987,0.865501,0.059839,0.076827,0.031535,0.261444,0.121079,0.230338,2000,40,0.02,0.410559,0.147479,0.387262
version1_vs_version3,2,2000,50,1,40,0.199218,0.122376,0.173778,0.789565,0.074605,0.790602,0.048885,0.061396,0.026854,0.335783,0.139507,0.316562,2000,40,0.02,0.464641,0.215553,0.481134
version1_vs_version3,3,2000,50,1,40,0.215984,0.087625,0.200854,0.782151,0.096828,0.801476,0.056314,0.068103,0.032884,0.399008,0.115389,0.383916,2000,40,0.02,0.474892,0.194279,0.464477
version1_vs_version3,4,2000,50,1,40,0.25357,0.131784,0.229989,0.814577,0.071066,0.816734,0.050469,0.048265,0.030654,0.471246,0.158762,0.454909,2000,40,0.02,0.448082,0.210197,0.402223
version1_vs_version3,5,2000,50,1,40,0.38266,0.23896,0.318462,0.881919,0.065051,0.893137,0.072745,0.117625,0.033406,0.472474,0.2427,0.482912,2000,40,0.02,0.540899,0.204248,0.495333
version1_vs_version3,6,2000,50,1,40,0.295196,0.151756,0.274281,0.84561,0.062703,0.854844,0.050511,0.042112,0.037528,0.650831,0.228467,0.693142,2000,40,0.02,0.517487,0.186083,0.508298
version1_vs_version3,7,2000,50,1,40,0.356634,0.160256,0.320214,0.880508,0.056364,0.888932,0.03118,0.033945,0.02131,0.717815,0.415854,0.702946,2000,40,0.02,0.307018,0.191157,0.258355
version1_vs_version3,8,2000,50,1,40,0.387433,0.195194,0.357132,0.900477,0.053555,0.907806,0.026227,0.030191,0.016904,0.771495,0.471192,0.717826,2000,40,0.02,0.442959,0.248272,0.39317
version1_vs_version3,9,2000,50,1,40,0.315185,0.209081,0.251043,0.898477,0.056966,0.903872,0.010293,0.008365,0.008058,0.834039,0.414402,0.833508,2000,40,0.02,0.401939,0.206531,0.388825
version1_vs_version3,10,2000,50,1,40,0.249685,0.145669,0.222796,0.881132,0.055579,0.888195,0.013377,0.010729,0.009793,1.072718,0.521193,1.051522,2000,40,0.02,0.454432,0.216416,0.432806
version1_vs_version3,11,2000,50,1,40,0.264975,0.143737,0.231646,0.87852,0.055078,0.886936,0.016558,0.016755,0.011931,1.259076,0.518708,1.249336,2000,40,0.02,0.466195,0.177692,0.436981
version1_vs_version3,12,2000,50,1,40,0.337997,0.169414,0.304082,0.917448,0.039367,0.920508,0.016242,0.011894,0.01313,1.324478,0.608097,1.319937,2000,40,0.02,0.492704,0.171444,0.522511
version1_vs_version3,13,2000,50,1,40,0.331852,0.168243,0.303442,0.900776,0.055396,0.911904,0.021482,0.019533,0.014698,1.622253,0.790491,1.587155,2000,40,0.02,0.465862,0.175036,0.451104
version1_vs_version3,14,2000,50,1,40,0.366135,0.230274,0.2906,0.913128,0.050806,0.919222,0.023275,0.048259,0.011768,1.574716,0.858693,1.533966,2000,40,0.02,0.530747,0.179022,0.512616
version1_vs_version3,15,2000,50,1,40,0.260309,0.141759,0.240353,0.912984,0.04029,0.91884,0.012901,0.008641,0.010481,1.971622,0.750408,1.885406,2000,40,0.02,0.582995,0.176652,0.554939
version1_vs_version3,16,2000,50,1,40,0.275271,0.145833,0.259543,0.913708,0.041192,0.919714,0.013212,0.010854,0.010324,2.350955,0.997378,2.221091,2000,40,0.02,0.621923,0.158793,0.648086
version1_vs_version3,17,2000,50,1,40,0.318437,0.160135,0.282176,0.92339,0.033664,0.926749,0.01803,0.025075,0.011996,2.446358,0.827846,2.463641,2000,40,0.02,0.644606,0.165904,0.674845
version1_vs_version3,18,2000,50,1,40,0.325933,0.17082,0.297166,0.91145,0.040651,0.915077,0.017726,0.018335,0.011608,2.506521,1.288918,2.420731,2000,40,0.02,0.643107,0.16594,0.679544
version1_vs_version3,19,2000,50,1,40,0.271962,0.112895,0.250371,0.900255,0.041048,0.90566,0.012263,0.006782,0.010531,2.901587,0.927234,2.767854,2000,40,0.02,0.61379,0.178048,0.626387
version1_vs_version3,20,2000,50,1,40,0.288381,0.138215,0.24753,0.899171,0.045004,0.905872,0.015854,0.013591,0.011597,2.951281,1.310365,2.859368,2000,40,0.02,0.643368,0.193264,0.708522
version1_vs_version3,21,2000,50,1,40,0.294071,0.128961,0.25847,0.916229,0.03312,0.918866,0.015132,0.012346,0.012086,3.629214,1.398766,3.309762,2000,40,0.02,0.641112,0.183113,0.610269
version1_vs_version3,22,2000,50,1,40,0.292355,0.152708,0.27472,0.908694,0.044058,0.917659,0.013532,0.010806,0.011058,3.866252,1.231458,3.786015,2000,40,0.02,0.71005,0.155433,0.752856
version1_vs_version3,23,2000,50,1,40,0.323417,0.145009,0.275492,0.90474,0.046717,0.908901,0.016009,0.017362,0.010688,2.83382,1.26087,2.815814,2000,40,0.02,0.659683,0.219071,0.713492
version1_vs_version3,24,2000,50,1,40,0.320043,0.161176,0.262214,0.914276,0.039773,0.918384,0.020173,0.026468,0.012268,3.896527,2.040355,3.684152,2000,40,0.02,0.698231,0.158143,0.715246
version1_vs_version3,25,2000,50,1,40,0.324787,0.08706,0.314632,0.914321,0.033329,0.919003,0.022834,0.036828,0.011686,3.739412,1.459803,3.366486,2000,40,0.02,0.736788,0.177048,0.788223
version1_vs_version3,26,2000,50,1,40,0.32584,0.169683,0.282376,0.911666,0.036854,0.91555,0.023513,0.035198,0.010392,3.671817,1.603037,3.770555,2000,40,0.02,0.609778,0.171916,0.612496
version1_vs_version3,27,2000,50,1,40,0.262683,0.085339,0.261255,0.904139,0.038084,0.909596,0.01111,0.006041,0.009913,5.399723,2.494151,4.957152,2000,40,0.02,0.59378,0.153827,0.596543
version1_vs_version3,28,2000,50,1,40,0.273472,0.141777,0.256563,0.903418,0.047993,0.911903,0.012105,0.013514,0.009219,4.736057,1.908483,4.667544,2000,40,0.02,0.518379,0.247521,0.512588
version1_vs_version3,29,2000,50,1,40,0.31664,0.173546,0.258293,0.902524,0.040568,0.906476,0.01793,0.025132,0.009911,4.521628,1.666646,4.36666,2000,40,0.02,0.591932,0.230117,0.597042
version1_vs_version3,30,2000,50,1,40,0.331712,0.172418,0.274509,0.895688,0.055893,0.901572,0.011172,0.006163,0.00981,5.41016,2.652429,4.695794,2000,40,0.02,0.55296,0.226228,0.531505
version1_vs_version3,31,2000,50,1,40,0.365495,0.132705,0.362993,0.914031,0.040801,0.919906,0.014889,0.012197,0.011558,6.035463,2.668315,5.88416,2000,40,0.02,0.647334,0.216724,0.681452
version1_vs_version3,32,2000,50,1,40,0.393448,0.193858,0.360723,0.891926,0.05656,0.900872,0.028272,0.025233,0.020513,5.246165,3.744924,3.890628,2000,40,0.02,0.493811,0.260083,0.53723
version1_vs_version3,33,2000,50,1,40,0.358026,0.140488,0.340809,0.88778,0.04994,0.894896,0.024953,0.022879,0.015868,6.13519,2.905534,5.72524,2000,40,0.02,0.559905,0.295357,0.598512
version1_vs_version3,34,2000,50,1,40,0.343289,0.198365,0.297621,0.877392,0.062606,0.881372,0.026808,0.022872,0.019366,6.972439,4.470868,6.073076,2000,40,0.02,0.438089,0.278443,0.440702
version1_vs_version3,35,2000,50,1,40,0.359189,0.144009,0.325345,0.856483,0.064436,0.859638,0.034973,0.026916,0.028238,6.157977,2.731687,5.497672,2000,40,0.02,0.436194,0.265688,0.424089
version1_vs_version3,36,2000,50,1,40,0.344276,0.135731,0.320464,0.861757,0.069266,0.875019,0.040376,0.063036,0.02079,10.214014,7.341519,8.262574,2000,40,0.02,0.476937,0.279692,0.474342
version1_vs_version3,37,2000,50,1,40,0.379996,0.138414,0.350458,0.859157,0.059856,0.864066,0.039034,0.03337,0.028432,12.041562,6.055549,10.977715,2000,40,0.02,0.404509,0.231973,0.377402
version1_vs_version3,38,2000,50,1,40,0.415764,0.19357,0.408948,0.868367,0.067575,0.87302,0.046989,0.050451,0.028811,17.750584,10.884081,16.378868,2000,40,0.02,0.474317,0.196489,0.467113
version1_vs_version3,39,2000,50,1,40,0.408902,0.225144,0.405572,0.854559,0.071685,0.858979,0.06527,0.085381,0.035896,18.091089,11.913436,17.118734,2000,40,0.02,0.535418,0.220392,0.546066
version2_vs_version3,0,2000,50,1,40,0.43558,0.27063,0.377304,0.949481,0.033885,0.954386,0.013361,0.020141,0.00571,0.240625,0.129805,0.210537,2000,120,0.06,0.528746,0.175027,0.5272
version2_vs_version3,1,2000,50,1,40,0.379688,0.288033,0.270756,0.944728,0.034758,0.946365,0.013113,0.015984,0.007538,0.247037,0.115597,0.225682,2000,120,0.06,0.578619,0.175203,0.562422
version2_vs_version3,2,2000,50,1,40,0.230349,0.138206,0.201882,0.903884,0.036944,0.903739,0.016889,0.022487,0.008689,0.330351,0.140283,0.316145,2000,120,0.06,0.625944,0.163375,0.61239
version2_vs_version3,3,2000,50,1,40,0.251381,0.091676,0.23894,0.889606,0.045844,0.897042,0.020449,0.017451,0.01486,0.385859,0.113857,0.369938,2000,120,0.06,0.624571,0.168386,0.624337
version2_vs_version3,4,2000,50,1,40,0.28878,0.142934,0.269725,0.904885,0.041364,0.908592,0.022194,0.024288,0.012897,0.455336,0.156232,0.437473,2000,120,0.06,0.638979,0.194258,0.677952
version2_vs_version3,5,2000,50,1,40,0.40566,0.239531,0.338717,0.940313,0.035653,0.948196,0.041303,0.087986,0.014222,0.455982,0.2389,0.46473,2000,120,0.06,0.685381,0.171718,0.686968
version2_vs_version3,6,2000,50,1,40,0.322551,0.16108,0.30415,0.916684,0.039791,0.923706,0.024276,0.023815,0.016366,0.632351,0.225629,0.66784,2000,120,0.06,0.659574,0.152201,0.673121
version2_vs_version3,7,2000,50,1,40,0.382385,0.164617,0.34074,0.934561,0.033491,0.940575,0.014518,0.013892,0.00978,0.700178,0.406445,0.690016,2000,120,0.06,0.557238,0.20754,0.562123
version2_vs_version3,8,2000,50,1,40,0.402723,0.19432,0.377832,0.943552,0.033317,0.948296,0.011791,0.012752,0.007687,0.753914,0.457388,0.691773,2000,120,0.06,0.605826,0.23317,0.617342
version2_vs_version3,9,2000,50,1,40,0.327099,0.209268,0.26303,0.943117,0.033516,0.945538,0.005119,0.00458,0.003754,0.812494,0.409248,0.80659,2000,120,0.06,0.660965,0.182137,0.658676
version2_vs_version3,10,2000,50,1,40,0.261389,0.148816,0.236676,0.928256,0.037387,0.933958,0.007326,0.006891,0.005099,1.05796,0.516757,1.027842,2000,120,0.06,0.657136,0.1882,0.664956
version2_vs_version3,11,2000,50,1,40,0.274516,0.145411,0.240522,0.920434,0.040191,0.927762,0.01026,0.010643,0.007109,1.24247,0.516115,1.235943,2000,120,0.06,0.667065,0.168012,0.689158
version2_vs_version3,12,2000,50,1,40,0.348234,0.170873,0.314469,0.94375,0.030472,0.947502,0.010848,0.008957,0.008134,1.302637,0.606878,1.2954,2000,120,0.06,0.700333,0.142992,0.699629
version2_vs_version3,13,2000,50,1,40,0.34165,0.169129,0.313152,0.933205,0.040552,0.941377,0.013421,0.012614,0.00902,1.605187,0.786508,1.56222,2000,120,0.06,0.659111,0.165756,0.654987
version2_vs_version3,14,2000,50,1,40,0.375653,0.230112,0.300589,0.945199,0.03422,0.950321,0.013557,0.040575,0.006914,1.552245,0.855316,1.51293,2000,120,0.06,0.700913,0.160228,0.71637
version2_vs_version3,15,2000,50,1,40,0.268052,0.142068,0.248176,0.942669,0.030359,0.948377,0.007785,0.005854,0.006245,1.953602,0.745565,1.866976,2000,120,0.06,0.738403,0.126361,0.751605
version2_vs_version3,16,2000,50,1,40,0.282376,0.147584,0.267056,0.943744,0.028445,0.948495,0.008392,0.007529,0.006425,2.329581,0.992875,2.208914,2000,120,0.06,0.757403,0.136209,0.773768
version2_vs_version3,17,2000,50,1,40,0.326678,0.162564,0.290782,0.951255,0.02533,0.954761,0.009534,0.011075,0.006626,2.422135,0.834336,2.43973,2000,120,0.06,0.809412,0.107157,0.838639
version2_vs_version3,18,2000,50,1,40,0.335572,0.172821,0.306899,0.944133,0.029519,0.948166,0.009304,0.0081,0.006811,2.481627,1.292155,2.40662,2000,120,0.06,0.806875,0.105916,0.814799
version2_vs_version3,19,2000,50,1,40,0.279453,0.11425,0.258332,0.933351,0.031617,0.937758,0.007754,0.004921,0.006532,2.880651,0.929593,2.758072,2000,120,0.06,0.797847,0.122588,0.824848
version2_vs_version3,20,2000,50,1,40,0.29683,0.140185,0.257416,0.933729,0.0338,0.940161,0.009903,0.009301,0.007059,2.92569,1.312286,2.836717,2000,120,0.06,0.800157,0.120024,0.826818
version2_vs_version3,21,2000,50,1,40,0.301361,0.130862,0.266106,0.943134,0.026702,0.946606,0.009281,0.007462,0.007259,3.599042,1.396702,3.279098,2000,120,0.06,0.813383,0.108018,0.830324
version2_vs_version3,22,2000,50,1,40,0.300949,0.154177,0.280514,0.939475,0.033261,0.946218,0.007838,0.004985,0.006656,3.835341,1.226811,3.756766,2000,120,0.06,0.831341,0.098594,0.848902
version2_vs_version3,23,2000,50,1,40,0.332646,0.145485,0.284375,0.938827,0.032308,0.942722,0.008594,0.00742,0.006423,2.802121,1.26581,2.794732,2000,120,0.06,0.820155,0.112167,0.844066
version2_vs_version3,24,2000,50,1,40,0.328545,0.163925,0.271069,0.9424,0.029949,0.94674,0.012688,0.017183,0.007448,3.873309,2.044549,3.665118,2000,120,0.06,0.817456,0.13023,0.850642
version2_vs_version3,25,2000,50,1,40,0.336699,0.098494,0.321868,0.946746,0.023284,0.950597,0.009758,0.010519,0.007,3.709287,1.476265,3.354078,2000,120,0.06,0.808936,0.117883,0.830708
version2_vs_version3,26,2000,50,1,40,0.337415,0.179447,0.288006,0.946216,0.025766,0.949788,0.009097,0.009291,0.006169,3.641161,1.608258,3.669402,2000,120,0.06,0.743762,0.140949,0.76989
version2_vs_version3,27,2000,50,1,40,0.271091,0.086028,0.269575,0.940699,0.025773,0.944636,0.005926,0.00319,0.00537,5.369985,2.461015,4.901675,2000,120,0.06,0.735184,0.142948,0.742234
version2_vs_version3,28,2000,50,1,40,0.284242,0.142515,0.266506,0.940632,0.02973,0.945609,0.006589,0.006275,0.005262,4.688185,1.914052,4.66567,2000,120,0.06,0.719993,0.192781,0.761691
version2_vs_version3,29,2000,50,1,40,0.329326,0.18074,0.266714,0.944057,0.028044,0.945307,0.006363,0.005501,0.004793,4.47256,1.612603,4.378238,2000,120,0.06,0.658089,0.205273,0.693202
version2_vs_version3,30,2000,50,1,40,0.339197,0.170233,0.279808,0.937218,0.034857,0.941448,0.005591,0.003357,0.004736,5.395243,2.598801,4.754324,2000,120,0.06,0.639915,0.215206,0.646098
version2_vs_version3,31,2000,50,1,40,0.375034,0.134797,0.375556,0.949948,0.026428,0.954238,0.0067,0.004325,0.005595,5.991189,2.64153,5.831636,2000,120,0.06,0.699099,0.185117,0.744304
version2_vs_version3,32,2000,50,1,40,0.412697,0.197791,0.37679,0.938909,0.040408,0.944517,0.011276,0.009664,0.008566,5.143348,3.706085,3.820306,2000,120,0.06,0.629922,0.220328,0.63141
version2_vs_version3,33,2000,50,1,40,0.375596,0.141065,0.353585,0.938896,0.027176,0.941728,0.011452,0.011894,0.006927,6.101008,2.959793,5.708322,2000,120,0.06,0.715167,0.236668,0.789773
version2_vs_version3,34,2000,50,1,40,0.367407,0.198445,0.329138,0.938611,0.041135,0.944491,0.010637,0.012066,0.006523,6.78486,4.407351,5.852512,2000,120,0.06,0.746416,0.208394,0.808855
version2_vs_version3,35,2000,50,1,40,0.391903,0.140806,0.360528,0.924992,0.041553,0.931681,0.015401,0.015365,0.010991,5.941149,2.718504,5.310493,2000,120,0.06,0.637248,0.250263,0.689501
version2_vs_version3,36,2000,50,1,40,0.383804,0.143107,0.358419,0.939324,0.030545,0.943254,0.00913,0.00843,0.00635,9.930027,7.296119,7.970796,2000,120,0.06,0.679082,0.238334,0.743346
version2_vs_version3,37,2000,50,1,40,0.419434,0.147547,0.374623,0.936385,0.036651,0.941226,0.011816,0.011171,0.008787,11.766673,6.026977,10.628098,2000,120,0.06,0.617314,0.240427,0.640414
version2_vs_version3,38,2000,50,1,40,0.447497,0.203343,0.456447,0.943048,0.03404,0.949107,0.011916,0.0114,0.008279,17.330877,10.775154,15.892925,2000,120,0.06,0.724902,0.185932,0.761542
version2_vs_version3,39,2000,50,1,40,0.440349,0.233324,0.44201,0.940544,0.034227,0.944112,0.013456,0.017147,0.008223,17.446366,11.770297,16.401522,2000,120,0.06,0.780723,0.124274,0.80483
