pair,layer,n_rows,n_layers,mean_pairwise_cosine_mean,mean_pairwise_cosine_std,mean_pairwise_cosine_median,maxmatch_cosine_mean,maxmatch_cosine_std,maxmatch_cosine_median,mmd_rbf_mean,mmd_rbf_std,mmd_rbf_median
original_vs_version1,0,15,1,0.083824,0.005435,0.082356,0.678805,0.059121,0.681727,0.050637,0.009072,0.050236
original_vs_version1,1,15,1,0.516098,0.02087,0.509491,0.854389,0.028413,0.847974,0.055112,0.013029,0.050785
original_vs_version1,2,15,1,0.536219,0.016835,0.536209,0.865398,0.026693,0.863153,0.052314,0.009772,0.05029
original_vs_version1,3,15,1,0.519205,0.017804,0.518093,0.86135,0.026294,0.858867,0.05371,0.009649,0.052527
original_vs_version1,4,15,1,0.498948,0.018308,0.500708,0.859222,0.025788,0.858662,0.058446,0.014117,0.054675
original_vs_version1,5,15,1,0.506684,0.020154,0.509952,0.865631,0.024352,0.865425,0.057636,0.008109,0.05534
original_vs_version1,6,15,1,0.480784,0.016571,0.48107,0.865077,0.023884,0.865317,0.056926,0.013045,0.056286
original_vs_version1,7,15,1,0.473707,0.018797,0.477317,0.86079,0.024797,0.862598,0.054797,0.008611,0.054707
original_vs_version1,8,15,1,0.500621,0.022442,0.505649,0.868801,0.023951,0.868062,0.051731,0.006437,0.053388
original_vs_version1,9,15,1,0.510945,0.021722,0.513248,0.873233,0.023357,0.874281,0.051902,0.006303,0.051063
original_vs_version1,10,15,1,0.502049,0.020674,0.501024,0.877092,0.023264,0.877436,0.053394,0.010657,0.054098
original_vs_version1,11,15,1,0.472699,0.019589,0.474748,0.872253,0.024418,0.875179,0.04977,0.006648,0.049031
original_vs_version1,12,15,1,0.419672,0.019275,0.419493,0.862345,0.026473,0.871473,0.049049,0.004801,0.048576
original_vs_version1,13,15,1,0.389252,0.020001,0.390731,0.854321,0.02755,0.86473,0.049384,0.008556,0.047628
original_vs_version1,14,15,1,0.406045,0.019758,0.403868,0.862852,0.02517,0.871858,0.048747,0.004175,0.050234
original_vs_version1,15,15,1,0.418399,0.018303,0.413015,0.871469,0.023762,0.880548,0.051602,0.009981,0.049525
original_vs_version1,16,15,1,0.416668,0.017761,0.411621,0.872102,0.023315,0.880719,0.05025,0.008968,0.045613
original_vs_version1,17,15,1,0.421045,0.015737,0.418563,0.875525,0.023264,0.884982,0.049994,0.005535,0.051537
original_vs_version1,18,15,1,0.434779,0.014766,0.433157,0.879117,0.022404,0.887709,0.046583,0.004166,0.047623
original_vs_version1,19,15,1,0.428672,0.01393,0.427661,0.876492,0.022828,0.885805,0.052316,0.009045,0.048743
original_vs_version1,20,15,1,0.429042,0.013827,0.431691,0.874822,0.023397,0.883976,0.045599,0.006852,0.045659
original_vs_version1,21,15,1,0.483746,0.01476,0.487352,0.888514,0.021788,0.896,0.047746,0.00734,0.048238
original_vs_version1,22,15,1,0.451979,0.010705,0.454015,0.883209,0.020822,0.889989,0.049425,0.007372,0.048932
original_vs_version1,23,15,1,0.464313,0.008696,0.467161,0.886325,0.020058,0.892417,0.046929,0.008075,0.048334
original_vs_version1,24,15,1,0.49807,0.009509,0.498786,0.893314,0.019409,0.89979,0.049676,0.008071,0.048477
original_vs_version1,25,15,1,0.481734,0.007453,0.481702,0.889811,0.01895,0.895453,0.051001,0.012132,0.048136
original_vs_version1,26,15,1,0.488995,0.008644,0.488548,0.889928,0.018334,0.8944,0.055344,0.009496,0.051995
original_vs_version1,27,15,1,0.49673,0.009127,0.496149,0.888817,0.01837,0.893181,0.053869,0.007568,0.053679
original_vs_version1,28,15,1,0.480196,0.01087,0.480542,0.882432,0.019976,0.887021,0.053574,0.010056,0.053076
original_vs_version1,29,15,1,0.46241,0.011593,0.463006,0.875302,0.021279,0.881881,0.052136,0.009321,0.051687
original_vs_version1,30,15,1,0.452688,0.013853,0.451826,0.868151,0.022475,0.874315,0.056123,0.009623,0.056812
original_vs_version1,31,15,1,0.462393,0.014599,0.455646,0.869324,0.021876,0.875686,0.057487,0.007472,0.05612
original_vs_version1,32,15,1,0.465015,0.017272,0.458743,0.867188,0.022461,0.872468,0.057314,0.008502,0.058388
original_vs_version1,33,15,1,0.47401,0.018831,0.471088,0.868388,0.022171,0.873173,0.056605,0.006093,0.057401
original_vs_version1,34,15,1,0.483122,0.02027,0.482308,0.867702,0.02177,0.871888,0.056824,0.006571,0.057189
original_vs_version1,35,15,1,0.489091,0.022485,0.489099,0.866841,0.02201,0.872269,0.062271,0.007077,0.06183
original_vs_version1,36,15,1,0.513818,0.024753,0.514936,0.869274,0.021288,0.874427,0.062071,0.008406,0.061564
original_vs_version1,37,15,1,0.534054,0.022871,0.536052,0.870103,0.020607,0.87546,0.067204,0.010907,0.0673
original_vs_version1,38,15,1,0.588095,0.020774,0.588121,0.876478,0.019524,0.878458,0.075241,0.018834,0.07159
original_vs_version1,39,15,1,0.669813,0.01739,0.667133,0.895722,0.017174,0.895969,0.086804,0.021579,0.08803
original_vs_version1,40,15,1,0.113161,0.020568,0.116424,0.712384,0.043971,0.71714,0.233083,0.065126,0.239399
original_vs_version2,0,15,1,0.095072,0.008305,0.097439,0.834705,0.102867,0.873581,0.043953,0.008856,0.042054
original_vs_version2,1,15,1,0.554721,0.027452,0.556622,0.920244,0.04664,0.938563,0.046987,0.014704,0.041851
original_vs_version2,2,15,1,0.56759,0.02079,0.564285,0.921159,0.039698,0.936727,0.044585,0.012721,0.042754
original_vs_version2,3,15,1,0.5473,0.020361,0.548819,0.914226,0.038312,0.927681,0.046182,0.006712,0.047236
original_vs_version2,4,15,1,0.526465,0.020745,0.524141,0.911351,0.039785,0.927087,0.04573,0.014775,0.039896
original_vs_version2,5,15,1,0.535003,0.020155,0.532053,0.915083,0.037724,0.927871,0.04329,0.008937,0.043172
original_vs_version2,6,15,1,0.506526,0.017176,0.506773,0.911836,0.037791,0.924327,0.044729,0.010234,0.04148
original_vs_version2,7,15,1,0.500283,0.01815,0.502431,0.908373,0.038577,0.923462,0.041638,0.007848,0.038838
original_vs_version2,8,15,1,0.529007,0.023114,0.527496,0.912877,0.035925,0.926876,0.046126,0.007441,0.04623
original_vs_version2,9,15,1,0.537043,0.022684,0.538641,0.91474,0.034244,0.9269,0.046332,0.009404,0.046822
original_vs_version2,10,15,1,0.521763,0.022107,0.527998,0.914374,0.03213,0.925038,0.045053,0.008708,0.04388
original_vs_version2,11,15,1,0.491133,0.02118,0.497763,0.908854,0.032941,0.919183,0.045393,0.006716,0.044232
original_vs_version2,12,15,1,0.436337,0.019134,0.438954,0.897885,0.034545,0.905418,0.044158,0.011652,0.041567
original_vs_version2,13,15,1,0.405473,0.018737,0.407523,0.889864,0.036254,0.896596,0.042993,0.00592,0.042822
original_vs_version2,14,15,1,0.423518,0.019365,0.423092,0.897044,0.034055,0.904731,0.047887,0.007727,0.047674
original_vs_version2,15,15,1,0.436222,0.018885,0.437401,0.90455,0.032012,0.911026,0.046515,0.00681,0.044193
original_vs_version2,16,15,1,0.433692,0.018954,0.43355,0.904951,0.032594,0.911833,0.044389,0.007454,0.043423
original_vs_version2,17,15,1,0.4368,0.017417,0.436448,0.907786,0.032258,0.915107,0.044406,0.007256,0.043423
original_vs_version2,18,15,1,0.44974,0.016738,0.451383,0.910536,0.031502,0.91867,0.042176,0.005102,0.042183
original_vs_version2,19,15,1,0.443548,0.015874,0.445443,0.908851,0.032385,0.917187,0.045483,0.007242,0.044273
original_vs_version2,20,15,1,0.443629,0.015624,0.443522,0.907119,0.033285,0.916906,0.047832,0.007701,0.048596
original_vs_version2,21,15,1,0.496721,0.015894,0.502952,0.917311,0.030341,0.927303,0.044791,0.009009,0.043377
original_vs_version2,22,15,1,0.467874,0.013197,0.470747,0.913985,0.030132,0.923593,0.046888,0.009536,0.043993
original_vs_version2,23,15,1,0.481247,0.011402,0.483328,0.916989,0.029473,0.9278,0.044169,0.006122,0.043311
original_vs_version2,24,15,1,0.512036,0.012333,0.514675,0.921479,0.028651,0.933048,0.044668,0.01134,0.042144
original_vs_version2,25,15,1,0.497935,0.008993,0.499099,0.919801,0.029031,0.931283,0.043404,0.00824,0.042574
original_vs_version2,26,15,1,0.506035,0.007159,0.50512,0.921135,0.029094,0.932439,0.046904,0.008678,0.047182
original_vs_version2,27,15,1,0.514683,0.007091,0.512972,0.921973,0.029276,0.933958,0.046124,0.00828,0.042631
original_vs_version2,28,15,1,0.498375,0.008541,0.496504,0.918251,0.031058,0.931465,0.051148,0.009327,0.050191
original_vs_version2,29,15,1,0.482661,0.008702,0.48252,0.914314,0.032373,0.928217,0.045487,0.009546,0.044743
original_vs_version2,30,15,1,0.476639,0.009354,0.477085,0.911705,0.033926,0.927055,0.047201,0.010237,0.044098
original_vs_version2,31,15,1,0.487259,0.00993,0.48613,0.913301,0.032835,0.928665,0.048665,0.00931,0.047012
original_vs_version2,32,15,1,0.4925,0.012595,0.4923,0.913693,0.033395,0.929208,0.046095,0.00787,0.046819
original_vs_version2,33,15,1,0.501483,0.015315,0.502731,0.915131,0.033392,0.929494,0.046408,0.010301,0.044941
original_vs_version2,34,15,1,0.511181,0.017733,0.512431,0.915657,0.033729,0.929151,0.0482,0.010117,0.048008
original_vs_version2,35,15,1,0.518865,0.020732,0.519908,0.916489,0.034465,0.931917,0.048239,0.009928,0.045813
original_vs_version2,36,15,1,0.545407,0.023589,0.545521,0.919913,0.034435,0.93437,0.048162,0.009237,0.049348
original_vs_version2,37,15,1,0.564512,0.023839,0.564017,0.922006,0.03582,0.937053,0.050741,0.014038,0.046724
original_vs_version2,38,15,1,0.619537,0.026708,0.623607,0.929121,0.037394,0.945538,0.057287,0.019549,0.047346
original_vs_version2,39,15,1,0.698026,0.023928,0.70028,0.944396,0.033479,0.959769,0.056147,0.021578,0.046356
original_vs_version2,40,15,1,0.295437,0.109841,0.323918,0.887264,0.108594,0.943997,0.090515,0.07475,0.046149
original_vs_version3,0,15,1,0.095421,0.009291,0.098054,0.830258,0.104491,0.870964,0.045507,0.008079,0.04508
original_vs_version3,1,15,1,0.553936,0.028883,0.560943,0.915752,0.048155,0.939727,0.045988,0.009583,0.044053
original_vs_version3,2,15,1,0.566804,0.022746,0.56993,0.916145,0.041568,0.936336,0.044496,0.012697,0.04132
original_vs_version3,3,15,1,0.547295,0.021551,0.550779,0.907841,0.040545,0.925339,0.045041,0.00991,0.045094
original_vs_version3,4,15,1,0.526904,0.022412,0.529764,0.904505,0.041694,0.92336,0.045845,0.008683,0.042458
original_vs_version3,5,15,1,0.535547,0.02242,0.538022,0.907889,0.03962,0.925583,0.047057,0.014236,0.042507
original_vs_version3,6,15,1,0.506935,0.017696,0.511245,0.903024,0.039495,0.920401,0.046732,0.006886,0.045961
original_vs_version3,7,15,1,0.501316,0.019318,0.507812,0.898404,0.040458,0.917625,0.047701,0.012401,0.042908
original_vs_version3,8,15,1,0.531039,0.023097,0.530339,0.903849,0.037607,0.920466,0.048695,0.008845,0.048715
original_vs_version3,9,15,1,0.538259,0.022205,0.542402,0.90367,0.035611,0.919087,0.048266,0.010033,0.046186
original_vs_version3,10,15,1,0.521386,0.021961,0.527215,0.901022,0.033358,0.913846,0.048265,0.008475,0.047782
original_vs_version3,11,15,1,0.489493,0.02112,0.495866,0.892314,0.033256,0.906788,0.044813,0.004061,0.04486
original_vs_version3,12,15,1,0.433819,0.019007,0.441066,0.876846,0.034848,0.887935,0.047375,0.006066,0.046052
original_vs_version3,13,15,1,0.403177,0.018621,0.406849,0.865754,0.036633,0.876733,0.047815,0.005452,0.04711
original_vs_version3,14,15,1,0.421405,0.019824,0.42298,0.873382,0.03408,0.882312,0.045961,0.008109,0.043344
original_vs_version3,15,15,1,0.43383,0.018704,0.436959,0.881402,0.031954,0.890335,0.04764,0.008668,0.047778
original_vs_version3,16,15,1,0.431611,0.018661,0.431438,0.880864,0.032577,0.890377,0.049171,0.013218,0.046863
original_vs_version3,17,15,1,0.435187,0.017084,0.436247,0.883594,0.032307,0.891729,0.047412,0.011598,0.04566
original_vs_version3,18,15,1,0.447835,0.016183,0.449606,0.886225,0.031311,0.894405,0.047736,0.00726,0.047644
original_vs_version3,19,15,1,0.441465,0.015296,0.444268,0.884332,0.032202,0.892563,0.044957,0.008764,0.043311
original_vs_version3,20,15,1,0.441606,0.014458,0.444595,0.882195,0.03343,0.889356,0.048917,0.008328,0.049469
original_vs_version3,21,15,1,0.495341,0.014571,0.501331,0.895287,0.030894,0.901808,0.046145,0.011162,0.044876
original_vs_version3,22,15,1,0.465869,0.013193,0.472355,0.890627,0.032041,0.894986,0.045852,0.006824,0.044878
original_vs_version3,23,15,1,0.479151,0.011732,0.481333,0.894342,0.031492,0.898224,0.047962,0.005034,0.047103
original_vs_version3,24,15,1,0.51033,0.012159,0.511948,0.900242,0.030599,0.903788,0.04907,0.008628,0.048323
original_vs_version3,25,15,1,0.496452,0.010537,0.498045,0.898052,0.031255,0.902709,0.049133,0.008018,0.049609
original_vs_version3,26,15,1,0.504628,0.009814,0.504874,0.899875,0.031198,0.905002,0.048224,0.008193,0.047519
original_vs_version3,27,15,1,0.513618,0.009784,0.512425,0.901571,0.03115,0.905882,0.053105,0.010634,0.051072
original_vs_version3,28,15,1,0.497512,0.01033,0.496133,0.897514,0.032183,0.902665,0.050084,0.008913,0.048986
original_vs_version3,29,15,1,0.481978,0.010815,0.484653,0.893694,0.033164,0.899634,0.048633,0.009607,0.043354
original_vs_version3,30,15,1,0.47622,0.01147,0.476025,0.891727,0.034243,0.899132,0.050217,0.007251,0.050503
original_vs_version3,31,15,1,0.487252,0.012334,0.484635,0.894742,0.032489,0.902898,0.047266,0.007499,0.046242
original_vs_version3,32,15,1,0.492315,0.01548,0.488876,0.895878,0.0331,0.90377,0.050156,0.007646,0.049728
original_vs_version3,33,15,1,0.501503,0.018019,0.499847,0.897965,0.032659,0.904687,0.049408,0.009099,0.049832
original_vs_version3,34,15,1,0.511203,0.020325,0.51047,0.899353,0.032735,0.907564,0.051116,0.010282,0.050126
original_vs_version3,35,15,1,0.519191,0.02343,0.51914,0.900946,0.033275,0.911336,0.049282,0.008157,0.046294
original_vs_version3,36,15,1,0.545863,0.026445,0.549034,0.905822,0.032836,0.91517,0.051118,0.01065,0.046193
original_vs_version3,37,15,1,0.565152,0.0267,0.565325,0.908957,0.033471,0.918863,0.052258,0.014484,0.048813
original_vs_version3,38,15,1,0.620504,0.02882,0.6244,0.918178,0.034087,0.929526,0.054052,0.01436,0.048232
original_vs_version3,39,15,1,0.69893,0.025991,0.699969,0.936014,0.031138,0.95037,0.059732,0.02126,0.051876
original_vs_version3,40,15,1,0.297955,0.108499,0.331888,0.877298,0.102953,0.930043,0.08556,0.065752,0.059631
version1_vs_version2,0,15,1,0.083974,0.003539,0.082971,0.73471,0.102969,0.698591,0.047955,0.007317,0.045956
version1_vs_version2,1,15,1,0.506834,0.0254,0.509433,0.876169,0.044918,0.872836,0.056214,0.014181,0.054342
version1_vs_version2,2,15,1,0.528761,0.020333,0.531048,0.883842,0.041511,0.875865,0.049826,0.01075,0.047035
version1_vs_version2,3,15,1,0.51284,0.018162,0.516612,0.87938,0.04219,0.868499,0.049012,0.009424,0.048725
version1_vs_version2,4,15,1,0.493953,0.01645,0.497206,0.876619,0.042432,0.864022,0.05164,0.013066,0.049494
version1_vs_version2,5,15,1,0.502199,0.017596,0.508323,0.881725,0.039934,0.870538,0.052001,0.011312,0.051689
version1_vs_version2,6,15,1,0.477407,0.014876,0.480848,0.879668,0.040077,0.865629,0.049066,0.008663,0.050376
version1_vs_version2,7,15,1,0.469677,0.016928,0.475137,0.87535,0.041769,0.86672,0.050713,0.010883,0.049793
version1_vs_version2,8,15,1,0.49573,0.023232,0.501095,0.881382,0.039105,0.87873,0.049726,0.009548,0.048082
version1_vs_version2,9,15,1,0.506958,0.023212,0.511669,0.884842,0.038063,0.883896,0.049946,0.009223,0.050845
version1_vs_version2,10,15,1,0.500949,0.022064,0.501866,0.887656,0.037266,0.887576,0.048645,0.007602,0.049993
version1_vs_version2,11,15,1,0.47295,0.020544,0.474493,0.882912,0.03849,0.884613,0.04638,0.007386,0.046711
version1_vs_version2,12,15,1,0.420907,0.019633,0.417678,0.872361,0.04178,0.876411,0.049127,0.009851,0.049047
version1_vs_version2,13,15,1,0.389323,0.020204,0.388133,0.863622,0.043987,0.866815,0.048502,0.007434,0.048073
version1_vs_version2,14,15,1,0.406109,0.019603,0.405565,0.871839,0.040962,0.872103,0.049834,0.007506,0.050038
version1_vs_version2,15,15,1,0.419395,0.018699,0.419667,0.879971,0.038576,0.879001,0.045631,0.007923,0.044589
version1_vs_version2,16,15,1,0.418124,0.018049,0.414024,0.880897,0.038185,0.879221,0.047594,0.008952,0.048808
version1_vs_version2,17,15,1,0.422445,0.016092,0.422137,0.884282,0.037256,0.882807,0.046969,0.009805,0.048955
version1_vs_version2,18,15,1,0.436681,0.015294,0.436836,0.887872,0.03611,0.885371,0.04625,0.0053,0.044525
version1_vs_version2,19,15,1,0.431551,0.014401,0.431103,0.88593,0.036685,0.883444,0.04778,0.007653,0.04573
version1_vs_version2,20,15,1,0.432042,0.013711,0.433897,0.884534,0.037075,0.880383,0.046963,0.00669,0.047372
version1_vs_version2,21,15,1,0.487218,0.013462,0.489171,0.897638,0.032935,0.890243,0.045887,0.008006,0.045417
version1_vs_version2,22,15,1,0.455729,0.010394,0.45551,0.892302,0.033783,0.888151,0.051141,0.006819,0.0532
version1_vs_version2,23,15,1,0.468258,0.007925,0.469742,0.895313,0.032604,0.892144,0.049678,0.006279,0.050887
version1_vs_version2,24,15,1,0.502554,0.007776,0.502464,0.902368,0.030652,0.897966,0.044536,0.006332,0.04756
version1_vs_version2,25,15,1,0.485964,0.006768,0.485789,0.898789,0.031937,0.89613,0.048407,0.008033,0.047177
version1_vs_version2,26,15,1,0.493976,0.007966,0.496142,0.899564,0.032159,0.897968,0.051627,0.008215,0.05206
version1_vs_version2,27,15,1,0.502106,0.008476,0.503305,0.899352,0.032942,0.897448,0.049622,0.009976,0.048734
version1_vs_version2,28,15,1,0.485932,0.009619,0.487617,0.894078,0.035169,0.893758,0.051957,0.007932,0.052161
version1_vs_version2,29,15,1,0.467539,0.009897,0.468808,0.888126,0.03766,0.88685,0.049651,0.008361,0.047699
version1_vs_version2,30,15,1,0.458263,0.012097,0.460033,0.88303,0.039913,0.880779,0.053209,0.010913,0.054112
version1_vs_version2,31,15,1,0.467603,0.013247,0.468473,0.884885,0.039403,0.883256,0.050866,0.007712,0.049702
version1_vs_version2,32,15,1,0.470552,0.016011,0.471959,0.884078,0.040369,0.882892,0.054929,0.011614,0.052137
version1_vs_version2,33,15,1,0.479956,0.018628,0.48173,0.886286,0.039808,0.883606,0.055963,0.011793,0.057025
version1_vs_version2,34,15,1,0.489577,0.020582,0.49139,0.887051,0.039644,0.883863,0.056522,0.010845,0.057188
version1_vs_version2,35,15,1,0.495271,0.023369,0.496545,0.887166,0.03963,0.883269,0.056909,0.010354,0.057909
version1_vs_version2,36,15,1,0.520105,0.02628,0.518926,0.890394,0.038793,0.887388,0.060381,0.012406,0.062913
version1_vs_version2,37,15,1,0.53979,0.025323,0.53457,0.891777,0.038362,0.889717,0.063165,0.014869,0.061554
version1_vs_version2,38,15,1,0.592092,0.02325,0.593623,0.897778,0.036176,0.893795,0.064072,0.015247,0.063335
version1_vs_version2,39,15,1,0.674013,0.019118,0.674924,0.913882,0.032144,0.909261,0.077871,0.033349,0.072011
version1_vs_version2,40,15,1,0.14349,0.059832,0.122926,0.779621,0.108406,0.734836,0.161682,0.105847,0.167989
version1_vs_version3,0,15,1,0.083853,0.004012,0.084656,0.718484,0.079863,0.693585,0.047288,0.00657,0.045347
version1_vs_version3,1,15,1,0.506019,0.025668,0.509038,0.865429,0.032791,0.871553,0.056603,0.017053,0.050812
version1_vs_version3,2,15,1,0.528083,0.02213,0.532728,0.873806,0.031502,0.872928,0.050929,0.012777,0.047445
version1_vs_version3,3,15,1,0.512883,0.019436,0.515532,0.86892,0.031853,0.869717,0.053442,0.014156,0.050047
version1_vs_version3,4,15,1,0.494469,0.017662,0.496481,0.865804,0.031565,0.863356,0.055209,0.010695,0.05821
version1_vs_version3,5,15,1,0.502905,0.019228,0.506631,0.871262,0.029906,0.871227,0.04989,0.007523,0.048649
version1_vs_version3,6,15,1,0.47801,0.014795,0.479478,0.868766,0.030224,0.864624,0.049034,0.007252,0.048532
version1_vs_version3,7,15,1,0.470753,0.017167,0.476277,0.863664,0.031766,0.861096,0.05362,0.00945,0.051263
version1_vs_version3,8,15,1,0.497615,0.022771,0.502855,0.870565,0.029584,0.868468,0.055395,0.012818,0.051779
version1_vs_version3,9,15,1,0.508128,0.02275,0.512311,0.872947,0.02934,0.87072,0.051109,0.009557,0.052072
version1_vs_version3,10,15,1,0.500748,0.021599,0.500015,0.874231,0.029654,0.873244,0.050961,0.006034,0.049748
version1_vs_version3,11,15,1,0.471524,0.020137,0.472499,0.867225,0.030823,0.866994,0.047447,0.007429,0.045609
version1_vs_version3,12,15,1,0.418633,0.019389,0.420774,0.853381,0.034841,0.849575,0.049016,0.006965,0.047353
version1_vs_version3,13,15,1,0.387257,0.019829,0.389758,0.842448,0.037509,0.835062,0.048163,0.004927,0.048897
version1_vs_version3,14,15,1,0.404261,0.019623,0.405908,0.851526,0.035396,0.847105,0.048105,0.006642,0.047486
version1_vs_version3,15,15,1,0.417265,0.018367,0.414697,0.860391,0.033707,0.856625,0.051943,0.009932,0.051256
version1_vs_version3,16,15,1,0.416269,0.017477,0.413045,0.860611,0.033834,0.854673,0.048698,0.006413,0.045178
version1_vs_version3,17,15,1,0.420922,0.015476,0.416406,0.863894,0.033455,0.859482,0.050406,0.009212,0.048325
version1_vs_version3,18,15,1,0.434858,0.014696,0.431107,0.867439,0.032639,0.863827,0.050119,0.008201,0.050691
version1_vs_version3,19,15,1,0.429557,0.014026,0.429345,0.865327,0.033034,0.861805,0.049163,0.008202,0.046969
version1_vs_version3,20,15,1,0.430111,0.012828,0.429518,0.863351,0.033624,0.859091,0.050116,0.008411,0.051397
version1_vs_version3,21,15,1,0.485879,0.011907,0.486411,0.879114,0.029942,0.8745,0.050679,0.006886,0.052871
version1_vs_version3,22,15,1,0.453831,0.010335,0.453065,0.872344,0.031054,0.871895,0.048202,0.007241,0.051863
version1_vs_version3,23,15,1,0.466322,0.008118,0.468176,0.87577,0.029709,0.873575,0.049377,0.008614,0.047349
version1_vs_version3,24,15,1,0.500976,0.007568,0.500749,0.884056,0.028173,0.879412,0.047515,0.01015,0.047299
version1_vs_version3,25,15,1,0.484653,0.007847,0.486469,0.880001,0.029321,0.875997,0.053047,0.007646,0.055035
version1_vs_version3,26,15,1,0.492701,0.009757,0.493809,0.881496,0.029245,0.877208,0.048895,0.012286,0.050939
version1_vs_version3,27,15,1,0.501127,0.009934,0.50238,0.882201,0.029441,0.877609,0.054266,0.010226,0.051089
version1_vs_version3,28,15,1,0.48521,0.010921,0.485491,0.876633,0.030777,0.870778,0.051191,0.006722,0.050827
version1_vs_version3,29,15,1,0.466964,0.011782,0.468268,0.870797,0.032162,0.863443,0.053632,0.008597,0.053959
version1_vs_version3,30,15,1,0.457933,0.014014,0.45734,0.866445,0.033552,0.855655,0.05694,0.012706,0.054462
version1_vs_version3,31,15,1,0.467699,0.015914,0.467772,0.869831,0.032315,0.856493,0.053839,0.01211,0.055343
version1_vs_version3,32,15,1,0.470471,0.01899,0.470427,0.869749,0.033045,0.855536,0.056268,0.010182,0.056027
version1_vs_version3,33,15,1,0.480081,0.021898,0.475089,0.872989,0.032706,0.860751,0.05886,0.010834,0.057045
version1_vs_version3,34,15,1,0.489683,0.023903,0.483406,0.874421,0.032582,0.865009,0.059771,0.014125,0.057857
version1_vs_version3,35,15,1,0.495608,0.026805,0.493928,0.875179,0.03226,0.867343,0.056726,0.013122,0.057939
version1_vs_version3,36,15,1,0.520537,0.029654,0.518248,0.879675,0.031661,0.877321,0.066025,0.013623,0.067894
version1_vs_version3,37,15,1,0.540342,0.028811,0.534516,0.881948,0.031009,0.882641,0.058219,0.01123,0.059571
version1_vs_version3,38,15,1,0.592974,0.026952,0.591769,0.889491,0.028808,0.886866,0.066718,0.014802,0.07226
version1_vs_version3,39,15,1,0.674775,0.023013,0.675762,0.907547,0.026259,0.903728,0.082369,0.02688,0.083351
version1_vs_version3,40,15,1,0.144422,0.059601,0.121357,0.771485,0.099545,0.723087,0.179457,0.109131,0.185706
version2_vs_version3,0,15,1,0.095608,0.007906,0.095381,0.882767,0.042457,0.890337,0.039633,0.006561,0.037947
version2_vs_version3,1,15,1,0.54505,0.043551,0.561171,0.938362,0.020496,0.945707,0.040568,0.009061,0.037655
version2_vs_version3,2,15,1,0.559833,0.034733,0.5696,0.936872,0.017887,0.943848,0.045552,0.006777,0.044073
version2_vs_version3,3,15,1,0.541657,0.030465,0.54898,0.930169,0.019709,0.938096,0.043607,0.006263,0.043529
version2_vs_version3,4,15,1,0.522798,0.027407,0.530137,0.926932,0.019935,0.934631,0.044197,0.011795,0.040158
version2_vs_version3,5,15,1,0.532219,0.025846,0.536386,0.928824,0.019253,0.936934,0.041487,0.00525,0.040271
version2_vs_version3,6,15,1,0.50486,0.021572,0.510713,0.924158,0.020234,0.932567,0.042622,0.007225,0.041369
version2_vs_version3,7,15,1,0.498558,0.021977,0.50663,0.920464,0.020851,0.929395,0.042788,0.005867,0.043623
version2_vs_version3,8,15,1,0.527244,0.028041,0.533688,0.92352,0.01969,0.932417,0.042307,0.006478,0.041684
version2_vs_version3,9,15,1,0.535335,0.026959,0.544968,0.923449,0.019429,0.932115,0.042779,0.008792,0.042333
version2_vs_version3,10,15,1,0.521317,0.024499,0.528187,0.920684,0.019623,0.927617,0.04213,0.005198,0.041108
version2_vs_version3,11,15,1,0.490811,0.022641,0.49665,0.912583,0.02059,0.916544,0.042034,0.00488,0.040526
version2_vs_version3,12,15,1,0.436409,0.019443,0.444358,0.898017,0.02383,0.902044,0.041789,0.005306,0.042528
version2_vs_version3,13,15,1,0.404665,0.018687,0.40905,0.887392,0.026299,0.892503,0.047114,0.008108,0.046896
version2_vs_version3,14,15,1,0.422929,0.019241,0.423705,0.894059,0.024103,0.900375,0.042342,0.005528,0.043602
version2_vs_version3,15,15,1,0.436285,0.018759,0.439816,0.900959,0.022657,0.907945,0.047426,0.007412,0.047582
version2_vs_version3,16,15,1,0.43442,0.018588,0.433182,0.900361,0.023331,0.904006,0.043063,0.0069,0.041157
version2_vs_version3,17,15,1,0.4378,0.01721,0.43866,0.902414,0.023184,0.905235,0.041925,0.006647,0.040721
version2_vs_version3,18,15,1,0.450938,0.016674,0.452314,0.904457,0.02263,0.908864,0.044237,0.006676,0.043412
version2_vs_version3,19,15,1,0.445532,0.015476,0.447902,0.903227,0.022885,0.906649,0.043947,0.006774,0.045439
version2_vs_version3,20,15,1,0.445804,0.01408,0.449224,0.901227,0.023767,0.904673,0.045275,0.006522,0.045237
version2_vs_version3,21,15,1,0.499995,0.013141,0.501707,0.912363,0.021306,0.915466,0.042807,0.003424,0.042879
version2_vs_version3,22,15,1,0.470908,0.012448,0.474995,0.908296,0.022314,0.910863,0.044529,0.006417,0.045032
version2_vs_version3,23,15,1,0.484421,0.010951,0.485095,0.911766,0.021388,0.915052,0.042359,0.00341,0.042697
version2_vs_version3,24,15,1,0.516054,0.009797,0.516137,0.917137,0.02053,0.920909,0.044982,0.005357,0.042388
version2_vs_version3,25,15,1,0.501967,0.009219,0.502363,0.915589,0.02123,0.920639,0.045055,0.009188,0.045126
version2_vs_version3,26,15,1,0.510906,0.008572,0.513919,0.918249,0.020876,0.924003,0.047951,0.006146,0.04624
version2_vs_version3,27,15,1,0.520332,0.008635,0.523186,0.920672,0.020292,0.926221,0.0457,0.005946,0.04513
version2_vs_version3,28,15,1,0.504614,0.009192,0.505851,0.917825,0.020743,0.924639,0.045253,0.008129,0.042379
version2_vs_version3,29,15,1,0.488527,0.010071,0.488499,0.915012,0.020915,0.921341,0.044267,0.008774,0.041113
version2_vs_version3,30,15,1,0.483354,0.010373,0.484534,0.915013,0.021164,0.919357,0.04486,0.006052,0.043104
version2_vs_version3,31,15,1,0.493947,0.012405,0.494716,0.917863,0.019967,0.921456,0.044826,0.005397,0.043314
version2_vs_version3,32,15,1,0.499287,0.015371,0.50033,0.919554,0.019855,0.920959,0.046107,0.006684,0.046746
version2_vs_version3,33,15,1,0.508895,0.018539,0.507906,0.922309,0.019457,0.924072,0.04811,0.005629,0.04906
version2_vs_version3,34,15,1,0.519071,0.021163,0.518251,0.924326,0.018742,0.925628,0.0464,0.007081,0.044242
version2_vs_version3,35,15,1,0.526757,0.024759,0.525636,0.92623,0.018059,0.927869,0.042534,0.006478,0.042697
version2_vs_version3,36,15,1,0.553509,0.027926,0.552979,0.931123,0.016847,0.933716,0.044663,0.004248,0.045163
version2_vs_version3,37,15,1,0.57212,0.028708,0.571295,0.934565,0.015883,0.937331,0.047207,0.007099,0.047325
version2_vs_version3,38,15,1,0.625565,0.032065,0.629915,0.943156,0.013683,0.946658,0.045632,0.006106,0.045056
version2_vs_version3,39,15,1,0.704261,0.02939,0.7094,0.958459,0.009799,0.961683,0.046469,0.007326,0.046147
version2_vs_version3,40,15,1,0.328857,0.064875,0.349591,0.945674,0.013601,0.948893,0.040296,0.007799,0.042897
